{
  "version" : "4.0.0",
  "gauges" : {
    "jenkins.executor.count.value" : {
      "value" : 2
    },
    "jenkins.executor.free.value" : {
      "value" : 2
    },
    "jenkins.executor.in-use.value" : {
      "value" : 0
    },
    "jenkins.health-check.count" : {
      "value" : 4
    },
    "jenkins.health-check.inverse-score" : {
      "value" : 0.0
    },
    "jenkins.health-check.score" : {
      "value" : 1.0
    },
    "jenkins.job.averageDepth" : {
      "value" : 0.0
    },
    "jenkins.job.count.value" : {
      "value" : 0
    },
    "jenkins.node.count.value" : {
      "value" : 1
    },
    "jenkins.node.offline.value" : {
      "value" : 0
    },
    "jenkins.node.online.value" : {
      "value" : 1
    },
    "jenkins.plugins.active" : {
      "value" : 34
    },
    "jenkins.plugins.failed" : {
      "value" : 0
    },
    "jenkins.plugins.inactive" : {
      "value" : 0
    },
    "jenkins.plugins.withUpdate" : {
      "value" : 0
    },
    "jenkins.project.count.value" : {
      "value" : 0
    },
    "jenkins.project.disabled.count.value" : {
      "value" : 0
    },
    "jenkins.project.enabled.count.value" : {
      "value" : 0
    },
    "jenkins.queue.blocked.value" : {
      "value" : 0
    },
    "jenkins.queue.buildable.value" : {
      "value" : 0
    },
    "jenkins.queue.pending.value" : {
      "value" : 0
    },
    "jenkins.queue.size.value" : {
      "value" : 0
    },
    "jenkins.queue.stuck.value" : {
      "value" : 0
    },
    "jenkins.versions.core" : {
      "value" : "2.190.3.2"
    },
    "jenkins.versions.plugin.apache-httpcomponents-client-4-api" : {
      "value" : "4.5.10-2.0"
    },
    "jenkins.versions.plugin.async-http-client" : {
      "value" : "1.7.24.2"
    },
    "jenkins.versions.plugin.blueocean-commons" : {
      "value" : "1.19.0"
    },
    "jenkins.versions.plugin.bouncycastle-api" : {
      "value" : "2.17"
    },
    "jenkins.versions.plugin.cloudbees-administrative-monitors" : {
      "value" : "1.0.1"
    },
    "jenkins.versions.plugin.cloudbees-analytics" : {
      "value" : "1.3"
    },
    "jenkins.versions.plugin.cloudbees-assurance" : {
      "value" : "2.138.0.10"
    },
    "jenkins.versions.plugin.cloudbees-blueocean-default-theme" : {
      "value" : "0.5"
    },
    "jenkins.versions.plugin.cloudbees-folder" : {
      "value" : "6.9"
    },
    "jenkins.versions.plugin.cloudbees-jenkins-advisor" : {
      "value" : "3.0"
    },
    "jenkins.versions.plugin.cloudbees-license" : {
      "value" : "9.35"
    },
    "jenkins.versions.plugin.cloudbees-support" : {
      "value" : "3.22"
    },
    "jenkins.versions.plugin.cloudbees-uc-data-api" : {
      "value" : "4.42"
    },
    "jenkins.versions.plugin.command-launcher" : {
      "value" : "1.3"
    },
    "jenkins.versions.plugin.configuration-as-code" : {
      "value" : "1.30"
    },
    "jenkins.versions.plugin.credentials" : {
      "value" : "2.3.0"
    },
    "jenkins.versions.plugin.display-url-api" : {
      "value" : "2.3.1"
    },
    "jenkins.versions.plugin.jackson2-api" : {
      "value" : "2.10.0"
    },
    "jenkins.versions.plugin.jaxb" : {
      "value" : "2.3.0.1"
    },
    "jenkins.versions.plugin.jdk-tool" : {
      "value" : "1.3"
    },
    "jenkins.versions.plugin.junit" : {
      "value" : "1.28"
    },
    "jenkins.versions.plugin.mailer" : {
      "value" : "1.29"
    },
    "jenkins.versions.plugin.mapdb-api" : {
      "value" : "1.0.9.0"
    },
    "jenkins.versions.plugin.metrics" : {
      "value" : "4.0.2.6"
    },
    "jenkins.versions.plugin.nectar-license" : {
      "value" : "8.24"
    },
    "jenkins.versions.plugin.scm-api" : {
      "value" : "2.6.3"
    },
    "jenkins.versions.plugin.script-security" : {
      "value" : "1.66"
    },
    "jenkins.versions.plugin.structs" : {
      "value" : "1.20"
    },
    "jenkins.versions.plugin.support-core" : {
      "value" : "2.62"
    },
    "jenkins.versions.plugin.token-macro" : {
      "value" : "2.8"
    },
    "jenkins.versions.plugin.trilead-api" : {
      "value" : "1.0.5"
    },
    "jenkins.versions.plugin.variant" : {
      "value" : "1.3"
    },
    "jenkins.versions.plugin.workflow-api" : {
      "value" : "2.37"
    },
    "jenkins.versions.plugin.workflow-step-api" : {
      "value" : "2.20"
    },
    "system.cpu.load" : {
      "value" : 0.73
    },
    "vm.blocked.count" : {
      "value" : 0
    },
    "vm.class.loaded" : {
      "value" : 13510
    },
    "vm.class.unloaded" : {
      "value" : 62
    },
    "vm.count" : {
      "value" : 52
    },
    "vm.cpu.load" : {
      "value" : 0.3631449053942884
    },
    "vm.daemon.count" : {
      "value" : 31
    },
    "vm.deadlock.count" : {
      "value" : 0
    },
    "vm.deadlocks" : {
      "value" : [ ]
    },
    "vm.file.descriptor.ratio" : {
      "value" : 0.081787109375
    },
    "vm.gc.Copy.count" : {
      "value" : 983
    },
    "vm.gc.Copy.time" : {
      "value" : 3087
    },
    "vm.gc.MarkSweepCompact.count" : {
      "value" : 8
    },
    "vm.gc.MarkSweepCompact.time" : {
      "value" : 502
    },
    "vm.memory.heap.committed" : {
      "value" : 130179072
    },
    "vm.memory.heap.init" : {
      "value" : 14680064
    },
    "vm.memory.heap.max" : {
      "value" : 208863232
    },
    "vm.memory.heap.usage" : {
      "value" : 0.5744379173448776
    },
    "vm.memory.heap.used" : {
      "value" : 119978960
    },
    "vm.memory.non-heap.committed" : {
      "value" : 114556928
    },
    "vm.memory.non-heap.init" : {
      "value" : 2555904
    },
    "vm.memory.non-heap.max" : {
      "value" : -1
    },
    "vm.memory.non-heap.usage" : {
      "value" : -1.09560128E8
    },
    "vm.memory.non-heap.used" : {
      "value" : 109560128
    },
    "vm.memory.pools.Code-Cache.committed" : {
      "value" : 21495808
    },
    "vm.memory.pools.Code-Cache.init" : {
      "value" : 2555904
    },
    "vm.memory.pools.Code-Cache.max" : {
      "value" : 251658240
    },
    "vm.memory.pools.Code-Cache.usage" : {
      "value" : 0.08478876749674479
    },
    "vm.memory.pools.Code-Cache.used" : {
      "value" : 21337792
    },
    "vm.memory.pools.Compressed-Class-Space.committed" : {
      "value" : 10092544
    },
    "vm.memory.pools.Compressed-Class-Space.init" : {
      "value" : 0
    },
    "vm.memory.pools.Compressed-Class-Space.max" : {
      "value" : 1073741824
    },
    "vm.memory.pools.Compressed-Class-Space.usage" : {
      "value" : 0.008424222469329834
    },
    "vm.memory.pools.Compressed-Class-Space.used" : {
      "value" : 9045440
    },
    "vm.memory.pools.Eden-Space.committed" : {
      "value" : 36044800
    },
    "vm.memory.pools.Eden-Space.init" : {
      "value" : 3932160
    },
    "vm.memory.pools.Eden-Space.max" : {
      "value" : 57671680
    },
    "vm.memory.pools.Eden-Space.usage" : {
      "value" : 0.5353622436523438
    },
    "vm.memory.pools.Eden-Space.used" : {
      "value" : 30875240
    },
    "vm.memory.pools.Eden-Space.used-after-gc" : {
      "value" : 0
    },
    "vm.memory.pools.Metaspace.committed" : {
      "value" : 82968576
    },
    "vm.memory.pools.Metaspace.init" : {
      "value" : 0
    },
    "vm.memory.pools.Metaspace.max" : {
      "value" : -1
    },
    "vm.memory.pools.Metaspace.usage" : {
      "value" : 0.9543141731153733
    },
    "vm.memory.pools.Metaspace.used" : {
      "value" : 79178088
    },
    "vm.memory.pools.Survivor-Space.committed" : {
      "value" : 4456448
    },
    "vm.memory.pools.Survivor-Space.init" : {
      "value" : 458752
    },
    "vm.memory.pools.Survivor-Space.max" : {
      "value" : 7143424
    },
    "vm.memory.pools.Survivor-Space.usage" : {
      "value" : 0.2409858353641055
    },
    "vm.memory.pools.Survivor-Space.used" : {
      "value" : 1721464
    },
    "vm.memory.pools.Survivor-Space.used-after-gc" : {
      "value" : 1721464
    },
    "vm.memory.pools.Tenured-Gen.committed" : {
      "value" : 89677824
    },
    "vm.memory.pools.Tenured-Gen.init" : {
      "value" : 9830400
    },
    "vm.memory.pools.Tenured-Gen.max" : {
      "value" : 144048128
    },
    "vm.memory.pools.Tenured-Gen.usage" : {
      "value" : 0.6066184768468494
    },
    "vm.memory.pools.Tenured-Gen.used" : {
      "value" : 87382256
    },
    "vm.memory.pools.Tenured-Gen.used-after-gc" : {
      "value" : 53804344
    },
    "vm.memory.total.committed" : {
      "value" : 244736000
    },
    "vm.memory.total.init" : {
      "value" : 17235968
    },
    "vm.memory.total.max" : {
      "value" : 208863231
    },
    "vm.memory.total.used" : {
      "value" : 229541064
    },
    "vm.new.count" : {
      "value" : 0
    },
    "vm.runnable.count" : {
      "value" : 12
    },
    "vm.terminated.count" : {
      "value" : 0
    },
    "vm.timed_waiting.count" : {
      "value" : 21
    },
    "vm.uptime.milliseconds" : {
      "value" : 212797
    },
    "vm.waiting.count" : {
      "value" : 19
    }
  },
  "counters" : {
    "http.activeRequests" : {
      "count" : 0
    }
  },
  "histograms" : {
    "jenkins.executor.count.history" : {
      "count" : 12,
      "max" : 2,
      "mean" : 2.0000000000000004,
      "min" : 2,
      "p50" : 2.0,
      "p75" : 2.0,
      "p95" : 2.0,
      "p98" : 2.0,
      "p99" : 2.0,
      "p999" : 2.0,
      "values" : [ 2, 2, 2, 2, 2, 2, 2, 2, 2, 2, 2, 2 ],
      "stddev" : 4.440892098500626E-16
    },
    "jenkins.executor.free.history" : {
      "count" : 12,
      "max" : 2,
      "mean" : 2.0,
      "min" : 2,
      "p50" : 2.0,
      "p75" : 2.0,
      "p95" : 2.0,
      "p98" : 2.0,
      "p99" : 2.0,
      "p999" : 2.0,
      "values" : [ 2, 2, 2, 2, 2, 2, 2, 2, 2, 2, 2, 2 ],
      "stddev" : 0.0
    },
    "jenkins.executor.in-use.history" : {
      "count" : 12,
      "max" : 0,
      "mean" : 0.0,
      "min" : 0,
      "p50" : 0.0,
      "p75" : 0.0,
      "p95" : 0.0,
      "p98" : 0.0,
      "p99" : 0.0,
      "p999" : 0.0,
      "values" : [ 0, 0, 0, 0, 0, 0, 0, 0, 0, 0, 0, 0 ],
      "stddev" : 0.0
    },
    "jenkins.job.count.history" : {
      "count" : 12,
      "max" : 0,
      "mean" : 0.0,
      "min" : 0,
      "p50" : 0.0,
      "p75" : 0.0,
      "p95" : 0.0,
      "p98" : 0.0,
      "p99" : 0.0,
      "p999" : 0.0,
      "values" : [ 0, 0, 0, 0, 0, 0, 0, 0, 0, 0, 0, 0 ],
      "stddev" : 0.0
    },
    "jenkins.node.count.history" : {
      "count" : 12,
      "max" : 1,
      "mean" : 1.0000000000000002,
      "min" : 1,
      "p50" : 1.0,
      "p75" : 1.0,
      "p95" : 1.0,
      "p98" : 1.0,
      "p99" : 1.0,
      "p999" : 1.0,
      "values" : [ 1, 1, 1, 1, 1, 1, 1, 1, 1, 1, 1, 1 ],
      "stddev" : 2.220446049250313E-16
    },
    "jenkins.node.offline.history" : {
      "count" : 12,
      "max" : 0,
      "mean" : 0.0,
      "min" : 0,
      "p50" : 0.0,
      "p75" : 0.0,
      "p95" : 0.0,
      "p98" : 0.0,
      "p99" : 0.0,
      "p999" : 0.0,
      "values" : [ 0, 0, 0, 0, 0, 0, 0, 0, 0, 0, 0, 0 ],
      "stddev" : 0.0
    },
    "jenkins.node.online.history" : {
      "count" : 12,
      "max" : 1,
      "mean" : 0.9999999999999999,
      "min" : 1,
      "p50" : 1.0,
      "p75" : 1.0,
      "p95" : 1.0,
      "p98" : 1.0,
      "p99" : 1.0,
      "p999" : 1.0,
      "values" : [ 1, 1, 1, 1, 1, 1, 1, 1, 1, 1, 1, 1 ],
      "stddev" : 1.1102230246251564E-16
    },
    "jenkins.project.count.history" : {
      "count" : 12,
      "max" : 0,
      "mean" : 0.0,
      "min" : 0,
      "p50" : 0.0,
      "p75" : 0.0,
      "p95" : 0.0,
      "p98" : 0.0,
      "p99" : 0.0,
      "p999" : 0.0,
      "values" : [ 0, 0, 0, 0, 0, 0, 0, 0, 0, 0, 0, 0 ],
      "stddev" : 0.0
    },
    "jenkins.project.disabled.count.history" : {
      "count" : 12,
      "max" : 0,
      "mean" : 0.0,
      "min" : 0,
      "p50" : 0.0,
      "p75" : 0.0,
      "p95" : 0.0,
      "p98" : 0.0,
      "p99" : 0.0,
      "p999" : 0.0,
      "values" : [ 0, 0, 0, 0, 0, 0, 0, 0, 0, 0, 0, 0 ],
      "stddev" : 0.0
    },
    "jenkins.project.enabled.count.history" : {
      "count" : 12,
      "max" : 0,
      "mean" : 0.0,
      "min" : 0,
      "p50" : 0.0,
      "p75" : 0.0,
      "p95" : 0.0,
      "p98" : 0.0,
      "p99" : 0.0,
      "p999" : 0.0,
      "values" : [ 0, 0, 0, 0, 0, 0, 0, 0, 0, 0, 0, 0 ],
      "stddev" : 0.0
    },
    "jenkins.queue.blocked.history" : {
      "count" : 12,
      "max" : 0,
      "mean" : 0.0,
      "min" : 0,
      "p50" : 0.0,
      "p75" : 0.0,
      "p95" : 0.0,
      "p98" : 0.0,
      "p99" : 0.0,
      "p999" : 0.0,
      "values" : [ 0, 0, 0, 0, 0, 0, 0, 0, 0, 0, 0, 0 ],
      "stddev" : 0.0
    },
    "jenkins.queue.buildable.history" : {
      "count" : 12,
      "max" : 0,
      "mean" : 0.0,
      "min" : 0,
      "p50" : 0.0,
      "p75" : 0.0,
      "p95" : 0.0,
      "p98" : 0.0,
      "p99" : 0.0,
      "p999" : 0.0,
      "values" : [ 0, 0, 0, 0, 0, 0, 0, 0, 0, 0, 0, 0 ],
      "stddev" : 0.0
    },
    "jenkins.queue.pending.history" : {
      "count" : 12,
      "max" : 0,
      "mean" : 0.0,
      "min" : 0,
      "p50" : 0.0,
      "p75" : 0.0,
      "p95" : 0.0,
      "p98" : 0.0,
      "p99" : 0.0,
      "p999" : 0.0,
      "values" : [ 0, 0, 0, 0, 0, 0, 0, 0, 0, 0, 0, 0 ],
      "stddev" : 0.0
    },
    "jenkins.queue.size.history" : {
      "count" : 12,
      "max" : 0,
      "mean" : 0.0,
      "min" : 0,
      "p50" : 0.0,
      "p75" : 0.0,
      "p95" : 0.0,
      "p98" : 0.0,
      "p99" : 0.0,
      "p999" : 0.0,
      "values" : [ 0, 0, 0, 0, 0, 0, 0, 0, 0, 0, 0, 0 ],
      "stddev" : 0.0
    },
    "jenkins.queue.stuck.history" : {
      "count" : 12,
      "max" : 0,
      "mean" : 0.0,
      "min" : 0,
      "p50" : 0.0,
      "p75" : 0.0,
      "p95" : 0.0,
      "p98" : 0.0,
      "p99" : 0.0,
      "p999" : 0.0,
      "values" : [ 0, 0, 0, 0, 0, 0, 0, 0, 0, 0, 0, 0 ],
      "stddev" : 0.0
    },
    "jenkins.servlet.container.active" : {
      "count" : 6,
      "max" : 0,
      "mean" : 0.0,
      "min" : 0,
      "p50" : 0.0,
      "p75" : 0.0,
      "p95" : 0.0,
      "p98" : 0.0,
      "p99" : 0.0,
      "p999" : 0.0,
      "values" : [ 0, 0, 0, 0, 0, 0 ],
      "stddev" : 0.0
    },
    "jenkins.servlet.container.threadsCounter" : {
      "count" : 6,
      "max" : 52,
      "mean" : 47.789019997288136,
      "min" : 45,
      "p50" : 47.0,
      "p75" : 48.0,
      "p95" : 52.0,
      "p98" : 52.0,
      "p99" : 52.0,
      "p999" : 52.0,
      "values" : [ 45, 47, 47, 48, 50, 52 ],
      "stddev" : 1.5168070606309103
    },
    "jenkins.servlet.container.workers" : {
      "count" : 6,
      "max" : 9,
      "mean" : 8.199779421528406,
      "min" : 7,
      "p50" : 8.0,
      "p75" : 9.0,
      "p95" : 9.0,
      "p98" : 9.0,
      "p99" : 9.0,
      "p999" : 9.0,
      "values" : [ 7, 7, 7, 8, 9, 9 ],
      "stddev" : 0.756047847602304
    },
    "jenkins.servlet.container.workersStatusBlocked" : {
      "count" : 6,
      "max" : 0,
      "mean" : 0.0,
      "min" : 0,
      "p50" : 0.0,
      "p75" : 0.0,
      "p95" : 0.0,
      "p98" : 0.0,
      "p99" : 0.0,
      "p999" : 0.0,
      "values" : [ 0, 0, 0, 0, 0, 0 ],
      "stddev" : 0.0
    },
    "jenkins.servlet.container.workersStatusTimeWait" : {
      "count" : 6,
      "max" : 8,
      "mean" : 7.199779421528405,
      "min" : 6,
      "p50" : 7.0,
      "p75" : 8.0,
      "p95" : 8.0,
      "p98" : 8.0,
      "p99" : 8.0,
      "p999" : 8.0,
      "values" : [ 6, 6, 6, 7, 8, 8 ],
      "stddev" : 0.756047847602304
    },
    "system.cpu.load.x100.history" : {
      "count" : 12,
      "max" : 214,
      "mean" : 60.95864477599622,
      "min" : 27,
      "p50" : 45.0,
      "p75" : 75.0,
      "p95" : 130.0,
      "p98" : 167.0,
      "p99" : 214.0,
      "p999" : 214.0,
      "values" : [ 27, 35, 45, 58, 72, 75, 93, 96, 101, 130, 167, 214 ],
      "stddev" : 37.8476233933819
    },
    "system.cpu.load.x100.window.15m" : {
      "count" : 12,
      "max" : 214,
      "mean" : 92.75,
      "min" : 27,
      "p50" : 84.0,
      "p75" : 122.75,
      "p95" : 214.0,
      "p98" : 214.0,
      "p99" : 214.0,
      "p999" : 214.0,
      "values" : [ 27, 35, 45, 58, 72, 75, 93, 96, 101, 130, 167, 214 ],
      "stddev" : 55.24511496297865
    },
    "system.cpu.load.x100.window.1h" : {
      "count" : 12,
      "max" : 214,
      "mean" : 92.75,
      "min" : 27,
      "p50" : 84.0,
      "p75" : 122.75,
      "p95" : 214.0,
      "p98" : 214.0,
      "p99" : 214.0,
      "p999" : 214.0,
      "values" : [ 27, 35, 45, 58, 72, 75, 93, 96, 101, 130, 167, 214 ],
      "stddev" : 55.24511496297865
    },
    "system.cpu.load.x100.window.5m" : {
      "count" : 12,
      "max" : 214,
      "mean" : 92.75,
      "min" : 27,
      "p50" : 84.0,
      "p75" : 122.75,
      "p95" : 214.0,
      "p98" : 214.0,
      "p99" : 214.0,
      "p999" : 214.0,
      "values" : [ 27, 35, 45, 58, 72, 75, 93, 96, 101, 130, 167, 214 ],
      "stddev" : 55.24511496297865
    },
    "vm.cpu.load.x100.history" : {
      "count" : 12,
      "max" : 95,
      "mean" : 3.9590090951595287,
      "min" : 0,
      "p50" : 0.0,
      "p75" : 1.0,
      "p95" : 24.0,
      "p98" : 24.0,
      "p99" : 95.0,
      "p999" : 95.0,
      "values" : [ 0, 0, 0, 0, 0, 0, 1, 1, 2, 10, 24, 95 ],
      "stddev" : 13.840494942534216
    },
    "vm.cpu.load.x100.window.15m" : {
      "count" : 12,
      "max" : 95,
      "mean" : 11.083333333333334,
      "min" : 0,
      "p50" : 0.5,
      "p75" : 8.0,
      "p95" : 95.0,
      "p98" : 95.0,
      "p99" : 95.0,
      "p999" : 95.0,
      "values" : [ 0, 0, 0, 0, 0, 0, 1, 1, 2, 10, 24, 95 ],
      "stddev" : 27.35775885735105
    },
    "vm.cpu.load.x100.window.1h" : {
      "count" : 12,
      "max" : 95,
      "mean" : 11.083333333333334,
      "min" : 0,
      "p50" : 0.5,
      "p75" : 8.0,
      "p95" : 95.0,
      "p98" : 95.0,
      "p99" : 95.0,
      "p999" : 95.0,
      "values" : [ 0, 0, 0, 0, 0, 0, 1, 1, 2, 10, 24, 95 ],
      "stddev" : 27.35775885735105
    },
    "vm.cpu.load.x100.window.5m" : {
      "count" : 12,
      "max" : 95,
      "mean" : 11.083333333333334,
      "min" : 0,
      "p50" : 0.5,
      "p75" : 8.0,
      "p95" : 95.0,
      "p98" : 95.0,
      "p99" : 95.0,
      "p999" : 95.0,
      "values" : [ 0, 0, 0, 0, 0, 0, 1, 1, 2, 10, 24, 95 ],
      "stddev" : 27.35775885735105
    },
    "vm.file.descriptor.ratio.x100.history" : {
      "count" : 12,
      "max" : 8,
      "mean" : 8.000000000000002,
      "min" : 8,
      "p50" : 8.0,
      "p75" : 8.0,
      "p95" : 8.0,
      "p98" : 8.0,
      "p99" : 8.0,
      "p999" : 8.0,
      "values" : [ 8, 8, 8, 8, 8, 8, 8, 8, 8, 8, 8, 8 ],
      "stddev" : 1.7763568394002505E-15
    },
    "vm.file.descriptor.ratio.x100.window.15m" : {
      "count" : 12,
      "max" : 8,
      "mean" : 8.0,
      "min" : 8,
      "p50" : 8.0,
      "p75" : 8.0,
      "p95" : 8.0,
      "p98" : 8.0,
      "p99" : 8.0,
      "p999" : 8.0,
      "values" : [ 8, 8, 8, 8, 8, 8, 8, 8, 8, 8, 8, 8 ],
      "stddev" : 0.0
    },
    "vm.file.descriptor.ratio.x100.window.1h" : {
      "count" : 12,
      "max" : 8,
      "mean" : 8.0,
      "min" : 8,
      "p50" : 8.0,
      "p75" : 8.0,
      "p95" : 8.0,
      "p98" : 8.0,
      "p99" : 8.0,
      "p999" : 8.0,
      "values" : [ 8, 8, 8, 8, 8, 8, 8, 8, 8, 8, 8, 8 ],
      "stddev" : 0.0
    },
    "vm.file.descriptor.ratio.x100.window.5m" : {
      "count" : 12,
      "max" : 8,
      "mean" : 8.0,
      "min" : 8,
      "p50" : 8.0,
      "p75" : 8.0,
      "p95" : 8.0,
      "p98" : 8.0,
      "p99" : 8.0,
      "p999" : 8.0,
      "values" : [ 8, 8, 8, 8, 8, 8, 8, 8, 8, 8, 8, 8 ],
      "stddev" : 0.0
    },
    "vm.memory.heap.committed.history" : {
      "count" : 12,
      "max" : 130179072,
      "mean" : 1.30179072E8,
      "min" : 130179072,
      "p50" : 1.30179072E8,
      "p75" : 1.30179072E8,
      "p95" : 1.30179072E8,
      "p98" : 1.30179072E8,
      "p99" : 1.30179072E8,
      "p999" : 1.30179072E8,
      "values" : [ 130179072, 130179072, 130179072, 130179072, 130179072, 130179072, 130179072, 130179072, 130179072, 130179072, 130179072, 130179072 ],
      "stddev" : 0.0
    },
    "vm.memory.heap.committed.window.15m" : {
      "count" : 12,
      "max" : 130179072,
      "mean" : 1.30179072E8,
      "min" : 130179072,
      "p50" : 1.30179072E8,
      "p75" : 1.30179072E8,
      "p95" : 1.30179072E8,
      "p98" : 1.30179072E8,
      "p99" : 1.30179072E8,
      "p999" : 1.30179072E8,
      "values" : [ 130179072, 130179072, 130179072, 130179072, 130179072, 130179072, 130179072, 130179072, 130179072, 130179072, 130179072, 130179072 ],
      "stddev" : 0.0
    },
    "vm.memory.heap.committed.window.1h" : {
      "count" : 12,
      "max" : 130179072,
      "mean" : 1.30179072E8,
      "min" : 130179072,
      "p50" : 1.30179072E8,
      "p75" : 1.30179072E8,
      "p95" : 1.30179072E8,
      "p98" : 1.30179072E8,
      "p99" : 1.30179072E8,
      "p999" : 1.30179072E8,
      "values" : [ 130179072, 130179072, 130179072, 130179072, 130179072, 130179072, 130179072, 130179072, 130179072, 130179072, 130179072, 130179072 ],
      "stddev" : 0.0
    },
    "vm.memory.heap.committed.window.5m" : {
      "count" : 12,
      "max" : 130179072,
      "mean" : 1.30179072E8,
      "min" : 130179072,
      "p50" : 1.30179072E8,
      "p75" : 1.30179072E8,
      "p95" : 1.30179072E8,
      "p98" : 1.30179072E8,
      "p99" : 1.30179072E8,
      "p999" : 1.30179072E8,
      "values" : [ 130179072, 130179072, 130179072, 130179072, 130179072, 130179072, 130179072, 130179072, 130179072, 130179072, 130179072, 130179072 ],
      "stddev" : 0.0
    },
    "vm.memory.heap.usage.x100.history" : {
      "count" : 12,
      "max" : 55,
      "mean" : 52.325685081035026,
      "min" : 49,
      "p50" : 53.0,
      "p75" : 53.0,
      "p95" : 54.0,
      "p98" : 54.0,
      "p99" : 55.0,
      "p999" : 55.0,
      "values" : [ 49, 49, 49, 50, 50, 51, 52, 53, 53, 53, 54, 55 ],
      "stddev" : 1.676906295639993
    },
    "vm.memory.heap.usage.x100.window.15m" : {
      "count" : 12,
      "max" : 55,
      "mean" : 51.5,
      "min" : 49,
      "p50" : 51.5,
      "p75" : 53.0,
      "p95" : 55.0,
      "p98" : 55.0,
      "p99" : 55.0,
      "p999" : 55.0,
      "values" : [ 49, 49, 49, 50, 50, 51, 52, 53, 53, 53, 54, 55 ],
      "stddev" : 2.1105794120443453
    },
    "vm.memory.heap.usage.x100.window.1h" : {
      "count" : 12,
      "max" : 55,
      "mean" : 51.5,
      "min" : 49,
      "p50" : 51.5,
      "p75" : 53.0,
      "p95" : 55.0,
      "p98" : 55.0,
      "p99" : 55.0,
      "p999" : 55.0,
      "values" : [ 49, 49, 49, 50, 50, 51, 52, 53, 53, 53, 54, 55 ],
      "stddev" : 2.1105794120443453
    },
    "vm.memory.heap.usage.x100.window.5m" : {
      "count" : 12,
      "max" : 55,
      "mean" : 51.5,
      "min" : 49,
      "p50" : 51.5,
      "p75" : 53.0,
      "p95" : 55.0,
      "p98" : 55.0,
      "p99" : 55.0,
      "p999" : 55.0,
      "values" : [ 49, 49, 49, 50, 50, 51, 52, 53, 53, 53, 54, 55 ],
      "stddev" : 2.1105794120443453
    },
    "vm.memory.heap.used.history" : {
      "count" : 12,
      "max" : 114738584,
      "mean" : 1.0937571776446562E8,
      "min" : 101763728,
      "p50" : 1.10883864E8,
      "p75" : 1.11688104E8,
      "p95" : 1.12616376E8,
      "p98" : 1.12616376E8,
      "p99" : 1.14738584E8,
      "p999" : 1.14738584E8,
      "values" : [ 101763728, 101967768, 102929808, 104455896, 105457408, 106611136, 108470784, 109900056, 110883864, 111688104, 112616376, 114738584 ],
      "stddev" : 3529824.1839498174
    },
    "vm.memory.heap.used.window.15m" : {
      "count" : 12,
      "max" : 114738584,
      "mean" : 1.07623626E8,
      "min" : 101763728,
      "p50" : 1.0754096E8,
      "p75" : 1.11487044E8,
      "p95" : 1.14738584E8,
      "p98" : 1.14738584E8,
      "p99" : 1.14738584E8,
      "p999" : 1.14738584E8,
      "values" : [ 101763728, 101967768, 102929808, 104455896, 105457408, 106611136, 108470784, 109900056, 110883864, 111688104, 112616376, 114738584 ],
      "stddev" : 4397420.058040975
    },
    "vm.memory.heap.used.window.1h" : {
      "count" : 12,
      "max" : 114738584,
      "mean" : 1.07623626E8,
      "min" : 101763728,
      "p50" : 1.0754096E8,
      "p75" : 1.11487044E8,
      "p95" : 1.14738584E8,
      "p98" : 1.14738584E8,
      "p99" : 1.14738584E8,
      "p999" : 1.14738584E8,
      "values" : [ 101763728, 101967768, 102929808, 104455896, 105457408, 106611136, 108470784, 109900056, 110883864, 111688104, 112616376, 114738584 ],
      "stddev" : 4397420.058040975
    },
    "vm.memory.heap.used.window.5m" : {
      "count" : 12,
      "max" : 114738584,
      "mean" : 1.07623626E8,
      "min" : 101763728,
      "p50" : 1.0754096E8,
      "p75" : 1.11487044E8,
      "p95" : 1.14738584E8,
      "p98" : 1.14738584E8,
      "p99" : 1.14738584E8,
      "p999" : 1.14738584E8,
      "values" : [ 101763728, 101967768, 102929808, 104455896, 105457408, 106611136, 108470784, 109900056, 110883864, 111688104, 112616376, 114738584 ],
      "stddev" : 4397420.058040975
    },
    "vm.memory.non-heap.committed.history" : {
      "count" : 12,
      "max" : 112132096,
      "mean" : 1.1024398843047042E8,
      "min" : 100925440,
      "p50" : 1.1206656E8,
      "p75" : 1.12132096E8,
      "p95" : 1.12132096E8,
      "p98" : 1.12132096E8,
      "p99" : 1.12132096E8,
      "p999" : 1.12132096E8,
      "values" : [ 100925440, 103350272, 103350272, 103415808, 103481344, 103546880, 111738880, 112001024, 112066560, 112066560, 112132096, 112132096 ],
      "stddev" : 3587769.6038757754
    },
    "vm.memory.non-heap.committed.window.15m" : {
      "count" : 12,
      "max" : 112132096,
      "mean" : 1.0751726933333333E8,
      "min" : 100925440,
      "p50" : 1.0764288E8,
      "p75" : 1.1206656E8,
      "p95" : 1.12132096E8,
      "p98" : 1.12132096E8,
      "p99" : 1.12132096E8,
      "p999" : 1.12132096E8,
      "values" : [ 100925440, 103350272, 103350272, 103415808, 103481344, 103546880, 111738880, 112001024, 112066560, 112066560, 112132096, 112132096 ],
      "stddev" : 4757444.036199678
    },
    "vm.memory.non-heap.committed.window.1h" : {
      "count" : 12,
      "max" : 112132096,
      "mean" : 1.0751726933333333E8,
      "min" : 100925440,
      "p50" : 1.0764288E8,
      "p75" : 1.1206656E8,
      "p95" : 1.12132096E8,
      "p98" : 1.12132096E8,
      "p99" : 1.12132096E8,
      "p999" : 1.12132096E8,
      "values" : [ 100925440, 103350272, 103350272, 103415808, 103481344, 103546880, 111738880, 112001024, 112066560, 112066560, 112132096, 112132096 ],
      "stddev" : 4757444.036199678
    },
    "vm.memory.non-heap.committed.window.5m" : {
      "count" : 12,
      "max" : 112132096,
      "mean" : 1.0751726933333333E8,
      "min" : 100925440,
      "p50" : 1.0764288E8,
      "p75" : 1.1206656E8,
      "p95" : 1.12132096E8,
      "p98" : 1.12132096E8,
      "p99" : 1.12132096E8,
      "p999" : 1.12132096E8,
      "values" : [ 100925440, 103350272, 103350272, 103415808, 103481344, 103546880, 111738880, 112001024, 112066560, 112066560, 112132096, 112132096 ],
      "stddev" : 4757444.036199678
    },
    "vm.memory.non-heap.usage.x100.history" : {
      "count" : 12,
      "max" : -9601641600,
      "mean" : -1.0499141740059965E10,
      "min" : -10705454400,
      "p50" : -1.06659976E10,
      "p75" : -1.06626264E10,
      "p95" : -9.8335632E9,
      "p98" : -9.8281416E9,
      "p99" : -9.6016416E9,
      "p999" : -9.6016416E9,
      "values" : [ -10705454400, -10692567200, -10672610400, -10665997600, -10664152800, -10662626400, -9855241600, -9849502400, -9835189600, -9833563200, -9828141600, -9601641600 ],
      "stddev" : 3.464025025174854E8
    },
    "vm.memory.non-heap.usage.x100.window.15m" : {
      "count" : 12,
      "max" : -9601641600,
      "mean" : -1.0238890733333334E10,
      "min" : -10705454400,
      "p50" : -1.0258934E10,
      "p75" : -9.8339698E9,
      "p95" : -9.6016416E9,
      "p98" : -9.6016416E9,
      "p99" : -9.6016416E9,
      "p999" : -9.6016416E9,
      "values" : [ -10705454400, -10692567200, -10672610400, -10665997600, -10664152800, -10662626400, -9855241600, -9849502400, -9835189600, -9833563200, -9828141600, -9601641600 ],
      "stddev" : 4.6273033687051535E8
    },
    "vm.memory.non-heap.usage.x100.window.1h" : {
      "count" : 12,
      "max" : -9601641600,
      "mean" : -1.0238890733333334E10,
      "min" : -10705454400,
      "p50" : -1.0258934E10,
      "p75" : -9.8339698E9,
      "p95" : -9.6016416E9,
      "p98" : -9.6016416E9,
      "p99" : -9.6016416E9,
      "p999" : -9.6016416E9,
      "values" : [ -10705454400, -10692567200, -10672610400, -10665997600, -10664152800, -10662626400, -9855241600, -9849502400, -9835189600, -9833563200, -9828141600, -9601641600 ],
      "stddev" : 4.6273033687051535E8
    },
    "vm.memory.non-heap.usage.x100.window.5m" : {
      "count" : 12,
      "max" : -9601641600,
      "mean" : -1.0238890733333334E10,
      "min" : -10705454400,
      "p50" : -1.0258934E10,
      "p75" : -9.8339698E9,
      "p95" : -9.6016416E9,
      "p98" : -9.6016416E9,
      "p99" : -9.6016416E9,
      "p999" : -9.6016416E9,
      "values" : [ -10705454400, -10692567200, -10672610400, -10665997600, -10664152800, -10662626400, -9855241600, -9849502400, -9835189600, -9833563200, -9828141600, -9601641600 ],
      "stddev" : 4.6273033687051535E8
    },
    "vm.memory.non-heap.used.history" : {
      "count" : 12,
      "max" : 107054544,
      "mean" : 1.0499141856406978E8,
      "min" : 96016480,
      "p50" : 1.06659976E8,
      "p75" : 1.06726104E8,
      "p95" : 1.07054544E8,
      "p98" : 1.07054544E8,
      "p99" : 1.07054544E8,
      "p999" : 1.07054544E8,
      "values" : [ 96016480, 98281416, 98335632, 98351896, 98495024, 98552416, 106626264, 106641528, 106659976, 106726104, 106925672, 107054544 ],
      "stddev" : 3464022.010729426
    },
    "vm.memory.non-heap.used.window.15m" : {
      "count" : 12,
      "max" : 107054544,
      "mean" : 1.0238891266666667E8,
      "min" : 96016480,
      "p50" : 1.0258934E8,
      "p75" : 1.06709572E8,
      "p95" : 1.07054544E8,
      "p98" : 1.07054544E8,
      "p99" : 1.07054544E8,
      "p999" : 1.07054544E8,
      "values" : [ 96016480, 98281416, 98335632, 98351896, 98495024, 98552416, 106626264, 106641528, 106659976, 106726104, 106925672, 107054544 ],
      "stddev" : 4627295.356225381
    },
    "vm.memory.non-heap.used.window.1h" : {
      "count" : 12,
      "max" : 107054544,
      "mean" : 1.0238891266666667E8,
      "min" : 96016480,
      "p50" : 1.0258934E8,
      "p75" : 1.06709572E8,
      "p95" : 1.07054544E8,
      "p98" : 1.07054544E8,
      "p99" : 1.07054544E8,
      "p999" : 1.07054544E8,
      "values" : [ 96016480, 98281416, 98335632, 98351896, 98495024, 98552416, 106626264, 106641528, 106659976, 106726104, 106925672, 107054544 ],
      "stddev" : 4627295.356225381
    },
    "vm.memory.non-heap.used.window.5m" : {
      "count" : 12,
      "max" : 107054544,
      "mean" : 1.0238891266666667E8,
      "min" : 96016480,
      "p50" : 1.0258934E8,
      "p75" : 1.06709572E8,
      "p95" : 1.07054544E8,
      "p98" : 1.07054544E8,
      "p99" : 1.07054544E8,
      "p999" : 1.07054544E8,
      "values" : [ 96016480, 98281416, 98335632, 98351896, 98495024, 98552416, 106626264, 106641528, 106659976, 106726104, 106925672, 107054544 ],
      "stddev" : 4627295.356225381
    },
    "vm.memory.pools.Code-Cache.committed.history" : {
      "count" : 12,
      "max" : 21430272,
      "mean" : 2.0605674993179355E7,
      "min" : 17301504,
      "p50" : 2.1364736E7,
      "p75" : 2.1430272E7,
      "p95" : 2.1430272E7,
      "p98" : 2.1430272E7,
      "p99" : 2.1430272E7,
      "p999" : 2.1430272E7,
      "values" : [ 17301504, 17629184, 17629184, 17694720, 17760256, 17825792, 21037056, 21299200, 21364736, 21364736, 21430272, 21430272 ],
      "stddev" : 1487350.883676072
    },
    "vm.memory.pools.Code-Cache.committed.window.15m" : {
      "count" : 12,
      "max" : 21430272,
      "mean" : 1.9480576E7,
      "min" : 17301504,
      "p50" : 1.9431424E7,
      "p75" : 2.1364736E7,
      "p95" : 2.1430272E7,
      "p98" : 2.1430272E7,
      "p99" : 2.1430272E7,
      "p999" : 2.1430272E7,
      "values" : [ 17301504, 17629184, 17629184, 17694720, 17760256, 17825792, 21037056, 21299200, 21364736, 21364736, 21430272, 21430272 ],
      "stddev" : 1928813.1569371405
    },
    "vm.memory.pools.Code-Cache.committed.window.1h" : {
      "count" : 12,
      "max" : 21430272,
      "mean" : 1.9480576E7,
      "min" : 17301504,
      "p50" : 1.9431424E7,
      "p75" : 2.1364736E7,
      "p95" : 2.1430272E7,
      "p98" : 2.1430272E7,
      "p99" : 2.1430272E7,
      "p999" : 2.1430272E7,
      "values" : [ 17301504, 17629184, 17629184, 17694720, 17760256, 17825792, 21037056, 21299200, 21364736, 21364736, 21430272, 21430272 ],
      "stddev" : 1928813.1569371405
    },
    "vm.memory.pools.Code-Cache.committed.window.5m" : {
      "count" : 12,
      "max" : 21430272,
      "mean" : 1.9480576E7,
      "min" : 17301504,
      "p50" : 1.9431424E7,
      "p75" : 2.1364736E7,
      "p95" : 2.1430272E7,
      "p98" : 2.1430272E7,
      "p99" : 2.1430272E7,
      "p999" : 2.1430272E7,
      "values" : [ 17301504, 17629184, 17629184, 17694720, 17760256, 17825792, 21037056, 21299200, 21364736, 21364736, 21430272, 21430272 ],
      "stddev" : 1928813.1569371405
    },
    "vm.memory.pools.Code-Cache.usage.x100.history" : {
      "count" : 12,
      "max" : 8,
      "mean" : 7.7941296281990535,
      "min" : 7,
      "p50" : 8.0,
      "p75" : 8.0,
      "p95" : 8.0,
      "p98" : 8.0,
      "p99" : 8.0,
      "p999" : 8.0,
      "values" : [ 7, 7, 7, 7, 7, 7, 8, 8, 8, 8, 8, 8 ],
      "stddev" : 0.40433619899223355
    },
    "vm.memory.pools.Code-Cache.usage.x100.window.15m" : {
      "count" : 12,
      "max" : 8,
      "mean" : 7.5,
      "min" : 7,
      "p50" : 7.5,
      "p75" : 8.0,
      "p95" : 8.0,
      "p98" : 8.0,
      "p99" : 8.0,
      "p999" : 8.0,
      "values" : [ 7, 7, 7, 7, 7, 7, 8, 8, 8, 8, 8, 8 ],
      "stddev" : 0.5222329678670935
    },
    "vm.memory.pools.Code-Cache.usage.x100.window.1h" : {
      "count" : 12,
      "max" : 8,
      "mean" : 7.5,
      "min" : 7,
      "p50" : 7.5,
      "p75" : 8.0,
      "p95" : 8.0,
      "p98" : 8.0,
      "p99" : 8.0,
      "p999" : 8.0,
      "values" : [ 7, 7, 7, 7, 7, 7, 8, 8, 8, 8, 8, 8 ],
      "stddev" : 0.5222329678670935
    },
    "vm.memory.pools.Code-Cache.usage.x100.window.5m" : {
      "count" : 12,
      "max" : 8,
      "mean" : 7.5,
      "min" : 7,
      "p50" : 7.5,
      "p75" : 8.0,
      "p95" : 8.0,
      "p98" : 8.0,
      "p99" : 8.0,
      "p999" : 8.0,
      "values" : [ 7, 7, 7, 7, 7, 7, 8, 8, 8, 8, 8, 8 ],
      "stddev" : 0.5222329678670935
    },
    "vm.memory.pools.Code-Cache.used.history" : {
      "count" : 12,
      "max" : 21218496,
      "mean" : 2.0220475276146546E7,
      "min" : 17161088,
      "p50" : 2.0805888E7,
      "p75" : 2.0897088E7,
      "p95" : 2.1218496E7,
      "p98" : 2.1218496E7,
      "p99" : 2.1218496E7,
      "p999" : 2.1218496E7,
      "values" : [ 17161088, 17467904, 17511936, 17516032, 17628160, 17678272, 20777024, 20805888, 20884096, 20897088, 21123264, 21218496 ],
      "stddev" : 1369907.5681329481
    },
    "vm.memory.pools.Code-Cache.used.window.15m" : {
      "count" : 12,
      "max" : 21218496,
      "mean" : 1.9222437333333332E7,
      "min" : 17161088,
      "p50" : 1.9227648E7,
      "p75" : 2.089384E7,
      "p95" : 2.1218496E7,
      "p98" : 2.1218496E7,
      "p99" : 2.1218496E7,
      "p999" : 2.1218496E7,
      "values" : [ 17161088, 17467904, 17511936, 17516032, 17628160, 17678272, 20777024, 20805888, 20884096, 20897088, 21123264, 21218496 ],
      "stddev" : 1813544.028398305
    },
    "vm.memory.pools.Code-Cache.used.window.1h" : {
      "count" : 12,
      "max" : 21218496,
      "mean" : 1.9222437333333332E7,
      "min" : 17161088,
      "p50" : 1.9227648E7,
      "p75" : 2.089384E7,
      "p95" : 2.1218496E7,
      "p98" : 2.1218496E7,
      "p99" : 2.1218496E7,
      "p999" : 2.1218496E7,
      "values" : [ 17161088, 17467904, 17511936, 17516032, 17628160, 17678272, 20777024, 20805888, 20884096, 20897088, 21123264, 21218496 ],
      "stddev" : 1813544.028398305
    },
    "vm.memory.pools.Code-Cache.used.window.5m" : {
      "count" : 12,
      "max" : 21218496,
      "mean" : 1.9222437333333332E7,
      "min" : 17161088,
      "p50" : 1.9227648E7,
      "p75" : 2.089384E7,
      "p95" : 2.1218496E7,
      "p98" : 2.1218496E7,
      "p99" : 2.1218496E7,
      "p999" : 2.1218496E7,
      "values" : [ 17161088, 17467904, 17511936, 17516032, 17628160, 17678272, 20777024, 20805888, 20884096, 20897088, 21123264, 21218496 ],
      "stddev" : 1813544.028398305
    },
    "vm.memory.pools.Compressed-Class-Space.committed.history" : {
      "count" : 12,
      "max" : 9830400,
      "mean" : 9717699.060690902,
      "min" : 9043968,
      "p50" : 9830400.0,
      "p75" : 9830400.0,
      "p95" : 9830400.0,
      "p98" : 9830400.0,
      "p99" : 9830400.0,
      "p999" : 9830400.0,
      "values" : [ 9043968, 9306112, 9306112, 9306112, 9306112, 9306112, 9830400, 9830400, 9830400, 9830400, 9830400, 9830400 ],
      "stddev" : 223906.3377763719
    },
    "vm.memory.pools.Compressed-Class-Space.committed.window.15m" : {
      "count" : 12,
      "max" : 9830400,
      "mean" : 9546410.666666666,
      "min" : 9043968,
      "p50" : 9568256.0,
      "p75" : 9830400.0,
      "p95" : 9830400.0,
      "p98" : 9830400.0,
      "p99" : 9830400.0,
      "p999" : 9830400.0,
      "values" : [ 9043968, 9306112, 9306112, 9306112, 9306112, 9306112, 9830400, 9830400, 9830400, 9830400, 9830400, 9830400 ],
      "stddev" : 305266.7280769194
    },
    "vm.memory.pools.Compressed-Class-Space.committed.window.1h" : {
      "count" : 12,
      "max" : 9830400,
      "mean" : 9546410.666666666,
      "min" : 9043968,
      "p50" : 9568256.0,
      "p75" : 9830400.0,
      "p95" : 9830400.0,
      "p98" : 9830400.0,
      "p99" : 9830400.0,
      "p999" : 9830400.0,
      "values" : [ 9043968, 9306112, 9306112, 9306112, 9306112, 9306112, 9830400, 9830400, 9830400, 9830400, 9830400, 9830400 ],
      "stddev" : 305266.7280769194
    },
    "vm.memory.pools.Compressed-Class-Space.committed.window.5m" : {
      "count" : 12,
      "max" : 9830400,
      "mean" : 9546410.666666666,
      "min" : 9043968,
      "p50" : 9568256.0,
      "p75" : 9830400.0,
      "p95" : 9830400.0,
      "p98" : 9830400.0,
      "p99" : 9830400.0,
      "p999" : 9830400.0,
      "values" : [ 9043968, 9306112, 9306112, 9306112, 9306112, 9306112, 9830400, 9830400, 9830400, 9830400, 9830400, 9830400 ],
      "stddev" : 305266.7280769194
    },
    "vm.memory.pools.Compressed-Class-Space.usage.x100.history" : {
      "count" : 12,
      "max" : 1,
      "mean" : 0.9999999999999999,
      "min" : 1,
      "p50" : 1.0,
      "p75" : 1.0,
      "p95" : 1.0,
      "p98" : 1.0,
      "p99" : 1.0,
      "p999" : 1.0,
      "values" : [ 1, 1, 1, 1, 1, 1, 1, 1, 1, 1, 1, 1 ],
      "stddev" : 1.1102230246251564E-16
    },
    "vm.memory.pools.Compressed-Class-Space.usage.x100.window.15m" : {
      "count" : 12,
      "max" : 1,
      "mean" : 1.0,
      "min" : 1,
      "p50" : 1.0,
      "p75" : 1.0,
      "p95" : 1.0,
      "p98" : 1.0,
      "p99" : 1.0,
      "p999" : 1.0,
      "values" : [ 1, 1, 1, 1, 1, 1, 1, 1, 1, 1, 1, 1 ],
      "stddev" : 0.0
    },
    "vm.memory.pools.Compressed-Class-Space.usage.x100.window.1h" : {
      "count" : 12,
      "max" : 1,
      "mean" : 1.0,
      "min" : 1,
      "p50" : 1.0,
      "p75" : 1.0,
      "p95" : 1.0,
      "p98" : 1.0,
      "p99" : 1.0,
      "p999" : 1.0,
      "values" : [ 1, 1, 1, 1, 1, 1, 1, 1, 1, 1, 1, 1 ],
      "stddev" : 0.0
    },
    "vm.memory.pools.Compressed-Class-Space.usage.x100.window.5m" : {
      "count" : 12,
      "max" : 1,
      "mean" : 1.0,
      "min" : 1,
      "p50" : 1.0,
      "p75" : 1.0,
      "p95" : 1.0,
      "p98" : 1.0,
      "p99" : 1.0,
      "p999" : 1.0,
      "values" : [ 1, 1, 1, 1, 1, 1, 1, 1, 1, 1, 1, 1 ],
      "stddev" : 0.0
    },
    "vm.memory.pools.Compressed-Class-Space.used.history" : {
      "count" : 12,
      "max" : 8760808,
      "mean" : 8646904.712630315,
      "min" : 8028312,
      "p50" : 8760808.0,
      "p75" : 8760808.0,
      "p95" : 8760808.0,
      "p98" : 8760808.0,
      "p99" : 8760808.0,
      "p999" : 8760808.0,
      "values" : [ 8028312, 8227432, 8227432, 8227432, 8227432, 8227432, 8757200, 8758256, 8760808, 8760808, 8760808, 8760808 ],
      "stddev" : 224004.11077298052
    },
    "vm.memory.pools.Compressed-Class-Space.used.window.15m" : {
      "count" : 12,
      "max" : 8760808,
      "mean" : 8477013.333333334,
      "min" : 8028312,
      "p50" : 8492316.0,
      "p75" : 8760808.0,
      "p95" : 8760808.0,
      "p98" : 8760808.0,
      "p99" : 8760808.0,
      "p999" : 8760808.0,
      "values" : [ 8028312, 8227432, 8227432, 8227432, 8227432, 8227432, 8757200, 8758256, 8760808, 8760808, 8760808, 8760808 ],
      "stddev" : 300385.6238726037
    },
    "vm.memory.pools.Compressed-Class-Space.used.window.1h" : {
      "count" : 12,
      "max" : 8760808,
      "mean" : 8477013.333333334,
      "min" : 8028312,
      "p50" : 8492316.0,
      "p75" : 8760808.0,
      "p95" : 8760808.0,
      "p98" : 8760808.0,
      "p99" : 8760808.0,
      "p999" : 8760808.0,
      "values" : [ 8028312, 8227432, 8227432, 8227432, 8227432, 8227432, 8757200, 8758256, 8760808, 8760808, 8760808, 8760808 ],
      "stddev" : 300385.6238726037
    },
    "vm.memory.pools.Compressed-Class-Space.used.window.5m" : {
      "count" : 12,
      "max" : 8760808,
      "mean" : 8477013.333333334,
      "min" : 8028312,
      "p50" : 8492316.0,
      "p75" : 8760808.0,
      "p95" : 8760808.0,
      "p98" : 8760808.0,
      "p99" : 8760808.0,
      "p999" : 8760808.0,
      "values" : [ 8028312, 8227432, 8227432, 8227432, 8227432, 8227432, 8757200, 8758256, 8760808, 8760808, 8760808, 8760808 ],
      "stddev" : 300385.6238726037
    },
    "vm.memory.pools.Eden-Space.committed.history" : {
      "count" : 12,
      "max" : 36044800,
      "mean" : 3.604480000000001E7,
      "min" : 36044800,
      "p50" : 3.60448E7,
      "p75" : 3.60448E7,
      "p95" : 3.60448E7,
      "p98" : 3.60448E7,
      "p99" : 3.60448E7,
      "p999" : 3.60448E7,
      "values" : [ 36044800, 36044800, 36044800, 36044800, 36044800, 36044800, 36044800, 36044800, 36044800, 36044800, 36044800, 36044800 ],
      "stddev" : 7.450580596923828E-9
    },
    "vm.memory.pools.Eden-Space.committed.window.15m" : {
      "count" : 12,
      "max" : 36044800,
      "mean" : 3.60448E7,
      "min" : 36044800,
      "p50" : 3.60448E7,
      "p75" : 3.60448E7,
      "p95" : 3.60448E7,
      "p98" : 3.60448E7,
      "p99" : 3.60448E7,
      "p999" : 3.60448E7,
      "values" : [ 36044800, 36044800, 36044800, 36044800, 36044800, 36044800, 36044800, 36044800, 36044800, 36044800, 36044800, 36044800 ],
      "stddev" : 0.0
    },
    "vm.memory.pools.Eden-Space.committed.window.1h" : {
      "count" : 12,
      "max" : 36044800,
      "mean" : 3.60448E7,
      "min" : 36044800,
      "p50" : 3.60448E7,
      "p75" : 3.60448E7,
      "p95" : 3.60448E7,
      "p98" : 3.60448E7,
      "p99" : 3.60448E7,
      "p999" : 3.60448E7,
      "values" : [ 36044800, 36044800, 36044800, 36044800, 36044800, 36044800, 36044800, 36044800, 36044800, 36044800, 36044800, 36044800 ],
      "stddev" : 0.0
    },
    "vm.memory.pools.Eden-Space.committed.window.5m" : {
      "count" : 12,
      "max" : 36044800,
      "mean" : 3.60448E7,
      "min" : 36044800,
      "p50" : 3.60448E7,
      "p75" : 3.60448E7,
      "p95" : 3.60448E7,
      "p98" : 3.60448E7,
      "p99" : 3.60448E7,
      "p999" : 3.60448E7,
      "values" : [ 36044800, 36044800, 36044800, 36044800, 36044800, 36044800, 36044800, 36044800, 36044800, 36044800, 36044800, 36044800 ],
      "stddev" : 0.0
    },
    "vm.memory.pools.Eden-Space.usage.x100.history" : {
      "count" : 12,
      "max" : 62,
      "mean" : 40.086746008424946,
      "min" : 25,
      "p50" : 41.0,
      "p75" : 43.0,
      "p95" : 46.0,
      "p98" : 46.0,
      "p99" : 62.0,
      "p999" : 62.0,
      "values" : [ 25, 36, 37, 38, 39, 40, 41, 42, 43, 44, 46, 62 ],
      "stddev" : 5.624796749803138
    },
    "vm.memory.pools.Eden-Space.usage.x100.window.15m" : {
      "count" : 12,
      "max" : 62,
      "mean" : 41.083333333333336,
      "min" : 25,
      "p50" : 40.5,
      "p75" : 43.75,
      "p95" : 62.0,
      "p98" : 62.0,
      "p99" : 62.0,
      "p999" : 62.0,
      "values" : [ 25, 36, 37, 38, 39, 40, 41, 42, 43, 44, 46, 62 ],
      "stddev" : 8.479476113034057
    },
    "vm.memory.pools.Eden-Space.usage.x100.window.1h" : {
      "count" : 12,
      "max" : 62,
      "mean" : 41.083333333333336,
      "min" : 25,
      "p50" : 40.5,
      "p75" : 43.75,
      "p95" : 62.0,
      "p98" : 62.0,
      "p99" : 62.0,
      "p999" : 62.0,
      "values" : [ 25, 36, 37, 38, 39, 40, 41, 42, 43, 44, 46, 62 ],
      "stddev" : 8.479476113034057
    },
    "vm.memory.pools.Eden-Space.usage.x100.window.5m" : {
      "count" : 12,
      "max" : 62,
      "mean" : 41.083333333333336,
      "min" : 25,
      "p50" : 40.5,
      "p75" : 43.75,
      "p95" : 62.0,
      "p98" : 62.0,
      "p99" : 62.0,
      "p999" : 62.0,
      "values" : [ 25, 36, 37, 38, 39, 40, 41, 42, 43, 44, 46, 62 ],
      "stddev" : 8.479476113034057
    },
    "vm.memory.pools.Eden-Space.used.history" : {
      "count" : 12,
      "max" : 35572920,
      "mean" : 2.315535535269485E7,
      "min" : 14139056,
      "p50" : 2.3924704E7,
      "p75" : 2.4787664E7,
      "p95" : 2.6452456E7,
      "p98" : 2.6452456E7,
      "p99" : 3.557292E7,
      "p999" : 3.557292E7,
      "values" : [ 14139056, 20642072, 21605048, 22071344, 22771128, 23055152, 23924704, 24297216, 24787664, 25298728, 26452456, 35572920 ],
      "stddev" : 3284271.80506888
    },
    "vm.memory.pools.Eden-Space.used.window.15m" : {
      "count" : 12,
      "max" : 35572920,
      "mean" : 2.3718124E7,
      "min" : 14139056,
      "p50" : 2.3489928E7,
      "p75" : 2.5170962E7,
      "p95" : 3.557292E7,
      "p98" : 3.557292E7,
      "p99" : 3.557292E7,
      "p999" : 3.557292E7,
      "values" : [ 14139056, 20642072, 21605048, 22071344, 22771128, 23055152, 23924704, 24297216, 24787664, 25298728, 26452456, 35572920 ],
      "stddev" : 4878216.466621829
    },
    "vm.memory.pools.Eden-Space.used.window.1h" : {
      "count" : 12,
      "max" : 35572920,
      "mean" : 2.3718124E7,
      "min" : 14139056,
      "p50" : 2.3489928E7,
      "p75" : 2.5170962E7,
      "p95" : 3.557292E7,
      "p98" : 3.557292E7,
      "p99" : 3.557292E7,
      "p999" : 3.557292E7,
      "values" : [ 14139056, 20642072, 21605048, 22071344, 22771128, 23055152, 23924704, 24297216, 24787664, 25298728, 26452456, 35572920 ],
      "stddev" : 4878216.466621829
    },
    "vm.memory.pools.Eden-Space.used.window.5m" : {
      "count" : 12,
      "max" : 35572920,
      "mean" : 2.3718124E7,
      "min" : 14139056,
      "p50" : 2.3489928E7,
      "p75" : 2.5170962E7,
      "p95" : 3.557292E7,
      "p98" : 3.557292E7,
      "p99" : 3.557292E7,
      "p999" : 3.557292E7,
      "values" : [ 14139056, 20642072, 21605048, 22071344, 22771128, 23055152, 23924704, 24297216, 24787664, 25298728, 26452456, 35572920 ],
      "stddev" : 4878216.466621829
    },
    "vm.memory.pools.Metaspace.committed.history" : {
      "count" : 12,
      "max" : 80871424,
      "mean" : 7.992061437660015E7,
      "min" : 74579968,
      "p50" : 8.0871424E7,
      "p75" : 8.0871424E7,
      "p95" : 8.0871424E7,
      "p98" : 8.0871424E7,
      "p99" : 8.0871424E7,
      "p999" : 8.0871424E7,
      "values" : [ 74579968, 76414976, 76414976, 76414976, 76414976, 76414976, 80871424, 80871424, 80871424, 80871424, 80871424, 80871424 ],
      "stddev" : 1882304.8346589245
    },
    "vm.memory.pools.Metaspace.committed.window.15m" : {
      "count" : 12,
      "max" : 80871424,
      "mean" : 7.849028266666667E7,
      "min" : 74579968,
      "p50" : 7.86432E7,
      "p75" : 8.0871424E7,
      "p95" : 8.0871424E7,
      "p98" : 8.0871424E7,
      "p99" : 8.0871424E7,
      "p999" : 8.0871424E7,
      "values" : [ 74579968, 76414976, 76414976, 76414976, 76414976, 76414976, 80871424, 80871424, 80871424, 80871424, 80871424, 80871424 ],
      "stddev" : 2537788.118739242
    },
    "vm.memory.pools.Metaspace.committed.window.1h" : {
      "count" : 12,
      "max" : 80871424,
      "mean" : 7.849028266666667E7,
      "min" : 74579968,
      "p50" : 7.86432E7,
      "p75" : 8.0871424E7,
      "p95" : 8.0871424E7,
      "p98" : 8.0871424E7,
      "p99" : 8.0871424E7,
      "p999" : 8.0871424E7,
      "values" : [ 74579968, 76414976, 76414976, 76414976, 76414976, 76414976, 80871424, 80871424, 80871424, 80871424, 80871424, 80871424 ],
      "stddev" : 2537788.118739242
    },
    "vm.memory.pools.Metaspace.committed.window.5m" : {
      "count" : 12,
      "max" : 80871424,
      "mean" : 7.849028266666667E7,
      "min" : 74579968,
      "p50" : 7.86432E7,
      "p75" : 8.0871424E7,
      "p95" : 8.0871424E7,
      "p98" : 8.0871424E7,
      "p99" : 8.0871424E7,
      "p999" : 8.0871424E7,
      "values" : [ 74579968, 76414976, 76414976, 76414976, 76414976, 76414976, 80871424, 80871424, 80871424, 80871424, 80871424, 80871424 ],
      "stddev" : 2537788.118739242
    },
    "vm.memory.pools.Metaspace.usage.x100.history" : {
      "count" : 12,
      "max" : 95,
      "mean" : 95.00000000000001,
      "min" : 95,
      "p50" : 95.0,
      "p75" : 95.0,
      "p95" : 95.0,
      "p98" : 95.0,
      "p99" : 95.0,
      "p999" : 95.0,
      "values" : [ 95, 95, 95, 95, 95, 95, 95, 95, 95, 95, 95, 95 ],
      "stddev" : 1.4210854715202004E-14
    },
    "vm.memory.pools.Metaspace.usage.x100.window.15m" : {
      "count" : 12,
      "max" : 95,
      "mean" : 95.0,
      "min" : 95,
      "p50" : 95.0,
      "p75" : 95.0,
      "p95" : 95.0,
      "p98" : 95.0,
      "p99" : 95.0,
      "p999" : 95.0,
      "values" : [ 95, 95, 95, 95, 95, 95, 95, 95, 95, 95, 95, 95 ],
      "stddev" : 0.0
    },
    "vm.memory.pools.Metaspace.usage.x100.window.1h" : {
      "count" : 12,
      "max" : 95,
      "mean" : 95.0,
      "min" : 95,
      "p50" : 95.0,
      "p75" : 95.0,
      "p95" : 95.0,
      "p98" : 95.0,
      "p99" : 95.0,
      "p999" : 95.0,
      "values" : [ 95, 95, 95, 95, 95, 95, 95, 95, 95, 95, 95, 95 ],
      "stddev" : 0.0
    },
    "vm.memory.pools.Metaspace.usage.x100.window.5m" : {
      "count" : 12,
      "max" : 95,
      "mean" : 95.0,
      "min" : 95,
      "p50" : 95.0,
      "p75" : 95.0,
      "p95" : 95.0,
      "p98" : 95.0,
      "p99" : 95.0,
      "p999" : 95.0,
      "values" : [ 95, 95, 95, 95, 95, 95, 95, 95, 95, 95, 95, 95 ],
      "stddev" : 0.0
    },
    "vm.memory.pools.Metaspace.used.history" : {
      "count" : 12,
      "max" : 77093280,
      "mean" : 7.612404439264378E7,
      "min" : 70827400,
      "p50" : 7.70812E7,
      "p75" : 7.7088432E7,
      "p95" : 7.709328E7,
      "p98" : 7.709328E7,
      "p99" : 7.709328E7,
      "p999" : 7.709328E7,
      "values" : [ 70827400, 72586080, 72596264, 72608432, 72639432, 72646712, 76987240, 77044152, 77075240, 77081200, 77088432, 77093280 ],
      "stddev" : 1877959.661032287
    },
    "vm.memory.pools.Metaspace.used.window.15m" : {
      "count" : 12,
      "max" : 77093280,
      "mean" : 7.468948866666667E7,
      "min" : 70827400,
      "p50" : 7.4816976E7,
      "p75" : 7.707971E7,
      "p95" : 7.709328E7,
      "p98" : 7.709328E7,
      "p99" : 7.709328E7,
      "p999" : 7.709328E7,
      "values" : [ 70827400, 72586080, 72596264, 72608432, 72639432, 72646712, 76987240, 77044152, 77075240, 77081200, 77088432, 77093280 ],
      "stddev" : 2526180.1402346347
    },
    "vm.memory.pools.Metaspace.used.window.1h" : {
      "count" : 12,
      "max" : 77093280,
      "mean" : 7.468948866666667E7,
      "min" : 70827400,
      "p50" : 7.4816976E7,
      "p75" : 7.707971E7,
      "p95" : 7.709328E7,
      "p98" : 7.709328E7,
      "p99" : 7.709328E7,
      "p999" : 7.709328E7,
      "values" : [ 70827400, 72586080, 72596264, 72608432, 72639432, 72646712, 76987240, 77044152, 77075240, 77081200, 77088432, 77093280 ],
      "stddev" : 2526180.1402346347
    },
    "vm.memory.pools.Metaspace.used.window.5m" : {
      "count" : 12,
      "max" : 77093280,
      "mean" : 7.468951266666667E7,
      "min" : 70827400,
      "p50" : 7.481712E7,
      "p75" : 7.707971E7,
      "p95" : 7.709328E7,
      "p98" : 7.709328E7,
      "p99" : 7.709328E7,
      "p999" : 7.709328E7,
      "values" : [ 70827400, 72586080, 72596264, 72608432, 72639432, 72646712, 76987528, 77044152, 77075240, 77081200, 77088432, 77093280 ],
      "stddev" : 2526203.955828419
    },
    "vm.memory.pools.Survivor-Space.committed.history" : {
      "count" : 12,
      "max" : 4456448,
      "mean" : 4456448.0,
      "min" : 4456448,
      "p50" : 4456448.0,
      "p75" : 4456448.0,
      "p95" : 4456448.0,
      "p98" : 4456448.0,
      "p99" : 4456448.0,
      "p999" : 4456448.0,
      "values" : [ 4456448, 4456448, 4456448, 4456448, 4456448, 4456448, 4456448, 4456448, 4456448, 4456448, 4456448, 4456448 ],
      "stddev" : 0.0
    },
    "vm.memory.pools.Survivor-Space.committed.window.15m" : {
      "count" : 12,
      "max" : 4456448,
      "mean" : 4456448.0,
      "min" : 4456448,
      "p50" : 4456448.0,
      "p75" : 4456448.0,
      "p95" : 4456448.0,
      "p98" : 4456448.0,
      "p99" : 4456448.0,
      "p999" : 4456448.0,
      "values" : [ 4456448, 4456448, 4456448, 4456448, 4456448, 4456448, 4456448, 4456448, 4456448, 4456448, 4456448, 4456448 ],
      "stddev" : 0.0
    },
    "vm.memory.pools.Survivor-Space.committed.window.1h" : {
      "count" : 12,
      "max" : 4456448,
      "mean" : 4456448.0,
      "min" : 4456448,
      "p50" : 4456448.0,
      "p75" : 4456448.0,
      "p95" : 4456448.0,
      "p98" : 4456448.0,
      "p99" : 4456448.0,
      "p999" : 4456448.0,
      "values" : [ 4456448, 4456448, 4456448, 4456448, 4456448, 4456448, 4456448, 4456448, 4456448, 4456448, 4456448, 4456448 ],
      "stddev" : 0.0
    },
    "vm.memory.pools.Survivor-Space.committed.window.5m" : {
      "count" : 12,
      "max" : 4456448,
      "mean" : 4456448.0,
      "min" : 4456448,
      "p50" : 4456448.0,
      "p75" : 4456448.0,
      "p95" : 4456448.0,
      "p98" : 4456448.0,
      "p99" : 4456448.0,
      "p999" : 4456448.0,
      "values" : [ 4456448, 4456448, 4456448, 4456448, 4456448, 4456448, 4456448, 4456448, 4456448, 4456448, 4456448, 4456448 ],
      "stddev" : 0.0
    },
    "vm.memory.pools.Survivor-Space.usage.x100.history" : {
      "count" : 12,
      "max" : 37,
      "mean" : 32.973488671050504,
      "min" : 17,
      "p50" : 37.0,
      "p75" : 37.0,
      "p95" : 37.0,
      "p98" : 37.0,
      "p99" : 37.0,
      "p999" : 37.0,
      "values" : [ 17, 17, 17, 17, 17, 22, 37, 37, 37, 37, 37, 37 ],
      "stddev" : 7.934355140198191
    },
    "vm.memory.pools.Survivor-Space.usage.x100.window.15m" : {
      "count" : 12,
      "max" : 37,
      "mean" : 27.416666666666668,
      "min" : 17,
      "p50" : 29.5,
      "p75" : 37.0,
      "p95" : 37.0,
      "p98" : 37.0,
      "p99" : 37.0,
      "p999" : 37.0,
      "values" : [ 17, 17, 17, 17, 17, 22, 37, 37, 37, 37, 37, 37 ],
      "stddev" : 10.103629710818451
    },
    "vm.memory.pools.Survivor-Space.usage.x100.window.1h" : {
      "count" : 12,
      "max" : 37,
      "mean" : 27.416666666666668,
      "min" : 17,
      "p50" : 29.5,
      "p75" : 37.0,
      "p95" : 37.0,
      "p98" : 37.0,
      "p99" : 37.0,
      "p999" : 37.0,
      "values" : [ 17, 17, 17, 17, 17, 22, 37, 37, 37, 37, 37, 37 ],
      "stddev" : 10.103629710818451
    },
    "vm.memory.pools.Survivor-Space.usage.x100.window.5m" : {
      "count" : 12,
      "max" : 37,
      "mean" : 27.416666666666668,
      "min" : 17,
      "p50" : 29.5,
      "p75" : 37.0,
      "p95" : 37.0,
      "p98" : 37.0,
      "p99" : 37.0,
      "p999" : 37.0,
      "values" : [ 17, 17, 17, 17, 17, 22, 37, 37, 37, 37, 37, 37 ],
      "stddev" : 10.103629710818451
    },
    "vm.memory.pools.Survivor-Space.used.history" : {
      "count" : 12,
      "max" : 2636544,
      "mean" : 2346021.3067467306,
      "min" : 1192032,
      "p50" : 2636544.0,
      "p75" : 2636544.0,
      "p95" : 2636544.0,
      "p98" : 2636544.0,
      "p99" : 2636544.0,
      "p999" : 2636544.0,
      "values" : [ 1192032, 1192032, 1192032, 1192032, 1192032, 1569360, 2636544, 2636544, 2636544, 2636544, 2636544, 2636544 ],
      "stddev" : 572660.1972463483
    },
    "vm.memory.pools.Survivor-Space.used.window.15m" : {
      "count" : 12,
      "max" : 2636544,
      "mean" : 1945732.0,
      "min" : 1192032,
      "p50" : 2102952.0,
      "p75" : 2636544.0,
      "p95" : 2636544.0,
      "p98" : 2636544.0,
      "p99" : 2636544.0,
      "p999" : 2636544.0,
      "values" : [ 1192032, 1192032, 1192032, 1192032, 1192032, 1569360, 2636544, 2636544, 2636544, 2636544, 2636544, 2636544 ],
      "stddev" : 728965.746074408
    },
    "vm.memory.pools.Survivor-Space.used.window.1h" : {
      "count" : 12,
      "max" : 2636544,
      "mean" : 1945732.0,
      "min" : 1192032,
      "p50" : 2102952.0,
      "p75" : 2636544.0,
      "p95" : 2636544.0,
      "p98" : 2636544.0,
      "p99" : 2636544.0,
      "p999" : 2636544.0,
      "values" : [ 1192032, 1192032, 1192032, 1192032, 1192032, 1569360, 2636544, 2636544, 2636544, 2636544, 2636544, 2636544 ],
      "stddev" : 728965.746074408
    },
    "vm.memory.pools.Survivor-Space.used.window.5m" : {
      "count" : 12,
      "max" : 2636544,
      "mean" : 1945732.0,
      "min" : 1192032,
      "p50" : 2102952.0,
      "p75" : 2636544.0,
      "p95" : 2636544.0,
      "p98" : 2636544.0,
      "p99" : 2636544.0,
      "p999" : 2636544.0,
      "values" : [ 1192032, 1192032, 1192032, 1192032, 1192032, 1569360, 2636544, 2636544, 2636544, 2636544, 2636544, 2636544 ],
      "stddev" : 728965.746074408
    },
    "vm.memory.pools.Tenured-Gen.committed.history" : {
      "count" : 12,
      "max" : 89677824,
      "mean" : 8.9677824E7,
      "min" : 89677824,
      "p50" : 8.9677824E7,
      "p75" : 8.9677824E7,
      "p95" : 8.9677824E7,
      "p98" : 8.9677824E7,
      "p99" : 8.9677824E7,
      "p999" : 8.9677824E7,
      "values" : [ 89677824, 89677824, 89677824, 89677824, 89677824, 89677824, 89677824, 89677824, 89677824, 89677824, 89677824, 89677824 ],
      "stddev" : 0.0
    },
    "vm.memory.pools.Tenured-Gen.committed.window.15m" : {
      "count" : 12,
      "max" : 89677824,
      "mean" : 8.9677824E7,
      "min" : 89677824,
      "p50" : 8.9677824E7,
      "p75" : 8.9677824E7,
      "p95" : 8.9677824E7,
      "p98" : 8.9677824E7,
      "p99" : 8.9677824E7,
      "p999" : 8.9677824E7,
      "values" : [ 89677824, 89677824, 89677824, 89677824, 89677824, 89677824, 89677824, 89677824, 89677824, 89677824, 89677824, 89677824 ],
      "stddev" : 0.0
    },
    "vm.memory.pools.Tenured-Gen.committed.window.1h" : {
      "count" : 12,
      "max" : 89677824,
      "mean" : 8.9677824E7,
      "min" : 89677824,
      "p50" : 8.9677824E7,
      "p75" : 8.9677824E7,
      "p95" : 8.9677824E7,
      "p98" : 8.9677824E7,
      "p99" : 8.9677824E7,
      "p999" : 8.9677824E7,
      "values" : [ 89677824, 89677824, 89677824, 89677824, 89677824, 89677824, 89677824, 89677824, 89677824, 89677824, 89677824, 89677824 ],
      "stddev" : 0.0
    },
    "vm.memory.pools.Tenured-Gen.committed.window.5m" : {
      "count" : 12,
      "max" : 89677824,
      "mean" : 8.9677824E7,
      "min" : 89677824,
      "p50" : 8.9677824E7,
      "p75" : 8.9677824E7,
      "p95" : 8.9677824E7,
      "p98" : 8.9677824E7,
      "p99" : 8.9677824E7,
      "p999" : 8.9677824E7,
      "values" : [ 89677824, 89677824, 89677824, 89677824, 89677824, 89677824, 89677824, 89677824, 89677824, 89677824, 89677824, 89677824 ],
      "stddev" : 0.0
    },
    "vm.memory.pools.Tenured-Gen.usage.x100.history" : {
      "count" : 12,
      "max" : 59,
      "mean" : 58.158339291382326,
      "min" : 54,
      "p50" : 59.0,
      "p75" : 59.0,
      "p95" : 59.0,
      "p98" : 59.0,
      "p99" : 59.0,
      "p999" : 59.0,
      "values" : [ 54, 55, 55, 55, 55, 55, 59, 59, 59, 59, 59, 59 ],
      "stddev" : 1.658054942729389
    },
    "vm.memory.pools.Tenured-Gen.usage.x100.window.15m" : {
      "count" : 12,
      "max" : 59,
      "mean" : 56.916666666666664,
      "min" : 54,
      "p50" : 57.0,
      "p75" : 59.0,
      "p95" : 59.0,
      "p98" : 59.0,
      "p99" : 59.0,
      "p999" : 59.0,
      "values" : [ 54, 55, 55, 55, 55, 55, 59, 59, 59, 59, 59, 59 ],
      "stddev" : 2.193309385519074
    },
    "vm.memory.pools.Tenured-Gen.usage.x100.window.1h" : {
      "count" : 12,
      "max" : 59,
      "mean" : 56.916666666666664,
      "min" : 54,
      "p50" : 57.0,
      "p75" : 59.0,
      "p95" : 59.0,
      "p98" : 59.0,
      "p99" : 59.0,
      "p999" : 59.0,
      "values" : [ 54, 55, 55, 55, 55, 55, 59, 59, 59, 59, 59, 59 ],
      "stddev" : 2.193309385519074
    },
    "vm.memory.pools.Tenured-Gen.usage.x100.window.5m" : {
      "count" : 12,
      "max" : 59,
      "mean" : 56.916666666666664,
      "min" : 54,
      "p50" : 57.0,
      "p75" : 59.0,
      "p95" : 59.0,
      "p98" : 59.0,
      "p99" : 59.0,
      "p999" : 59.0,
      "values" : [ 54, 55, 55, 55, 55, 55, 59, 59, 59, 59, 59, 59 ],
      "stddev" : 2.193309385519074
    },
    "vm.memory.pools.Tenured-Gen.used.history" : {
      "count" : 12,
      "max" : 85192168,
      "mean" : 8.38856060959566E7,
      "min" : 77596304,
      "p50" : 8.5192168E7,
      "p75" : 8.5192168E7,
      "p95" : 8.5192168E7,
      "p98" : 8.5192168E7,
      "p99" : 8.5192168E7,
      "p999" : 8.5192168E7,
      "values" : [ 77596304, 78966648, 78966648, 78966648, 78966648, 78966648, 85192168, 85192168, 85192168, 85192168, 85192168, 85192168 ],
      "stddev" : 2572187.746205508
    },
    "vm.memory.pools.Tenured-Gen.used.window.15m" : {
      "count" : 12,
      "max" : 85192168,
      "mean" : 8.196521266666667E7,
      "min" : 77596304,
      "p50" : 8.2079408E7,
      "p75" : 8.5192168E7,
      "p95" : 8.5192168E7,
      "p98" : 8.5192168E7,
      "p99" : 8.5192168E7,
      "p999" : 8.5192168E7,
      "values" : [ 77596304, 78966648, 78966648, 78966648, 78966648, 78966648, 85192168, 85192168, 85192168, 85192168, 85192168, 85192168 ],
      "stddev" : 3391483.418781316
    },
    "vm.memory.pools.Tenured-Gen.used.window.1h" : {
      "count" : 12,
      "max" : 85192168,
      "mean" : 8.196521266666667E7,
      "min" : 77596304,
      "p50" : 8.2079408E7,
      "p75" : 8.5192168E7,
      "p95" : 8.5192168E7,
      "p98" : 8.5192168E7,
      "p99" : 8.5192168E7,
      "p999" : 8.5192168E7,
      "values" : [ 77596304, 78966648, 78966648, 78966648, 78966648, 78966648, 85192168, 85192168, 85192168, 85192168, 85192168, 85192168 ],
      "stddev" : 3391483.418781316
    },
    "vm.memory.pools.Tenured-Gen.used.window.5m" : {
      "count" : 12,
      "max" : 85192168,
      "mean" : 8.196521266666667E7,
      "min" : 77596304,
      "p50" : 8.2079408E7,
      "p75" : 8.5192168E7,
      "p95" : 8.5192168E7,
      "p98" : 8.5192168E7,
      "p99" : 8.5192168E7,
      "p999" : 8.5192168E7,
      "values" : [ 77596304, 78966648, 78966648, 78966648, 78966648, 78966648, 85192168, 85192168, 85192168, 85192168, 85192168, 85192168 ],
      "stddev" : 3391483.418781316
    },
    "vm.memory.total.committed.history" : {
      "count" : 12,
      "max" : 242311168,
      "mean" : 2.404230604304704E8,
      "min" : 231104512,
      "p50" : 2.42245632E8,
      "p75" : 2.42311168E8,
      "p95" : 2.42311168E8,
      "p98" : 2.42311168E8,
      "p99" : 2.42311168E8,
      "p999" : 2.42311168E8,
      "values" : [ 231104512, 233529344, 233529344, 233594880, 233660416, 233725952, 241917952, 242180096, 242245632, 242245632, 242311168, 242311168 ],
      "stddev" : 3587769.603875776
    },
    "vm.memory.total.committed.window.15m" : {
      "count" : 12,
      "max" : 242311168,
      "mean" : 2.3769634133333334E8,
      "min" : 231104512,
      "p50" : 2.37821952E8,
      "p75" : 2.42245632E8,
      "p95" : 2.42311168E8,
      "p98" : 2.42311168E8,
      "p99" : 2.42311168E8,
      "p999" : 2.42311168E8,
      "values" : [ 231104512, 233529344, 233529344, 233594880, 233660416, 233725952, 241917952, 242180096, 242245632, 242245632, 242311168, 242311168 ],
      "stddev" : 4757444.036199678
    },
    "vm.memory.total.committed.window.1h" : {
      "count" : 12,
      "max" : 242311168,
      "mean" : 2.3769634133333334E8,
      "min" : 231104512,
      "p50" : 2.37821952E8,
      "p75" : 2.42245632E8,
      "p95" : 2.42311168E8,
      "p98" : 2.42311168E8,
      "p99" : 2.42311168E8,
      "p999" : 2.42311168E8,
      "values" : [ 231104512, 233529344, 233529344, 233594880, 233660416, 233725952, 241917952, 242180096, 242245632, 242245632, 242311168, 242311168 ],
      "stddev" : 4757444.036199678
    },
    "vm.memory.total.committed.window.5m" : {
      "count" : 12,
      "max" : 242311168,
      "mean" : 2.3769634133333334E8,
      "min" : 231104512,
      "p50" : 2.37821952E8,
      "p75" : 2.42245632E8,
      "p95" : 2.42311168E8,
      "p98" : 2.42311168E8,
      "p99" : 2.42311168E8,
      "p999" : 2.42311168E8,
      "values" : [ 231104512, 233529344, 233529344, 233594880, 233660416, 233725952, 241917952, 242180096, 242245632, 242245632, 242311168, 242311168 ],
      "stddev" : 4757444.036199678
    },
    "vm.memory.total.used.history" : {
      "count" : 12,
      "max" : 219276352,
      "mean" : 2.1438254713405907E8,
      "min" : 200045144,
      "p50" : 2.17638312E8,
      "p75" : 2.1837968E8,
      "p95" : 2.19276352E8,
      "p98" : 2.19276352E8,
      "p99" : 2.19276352E8,
      "p999" : 2.19276352E8,
      "values" : [ 200045144, 201265440, 202810616, 203952432, 205165568, 208609584, 210755512, 215396456, 216954600, 217638312, 218379680, 219276352 ],
      "stddev" : 6063875.11134149
    },
    "vm.memory.total.used.window.15m" : {
      "count" : 12,
      "max" : 219276352,
      "mean" : 2.10020808E8,
      "min" : 200045144,
      "p50" : 2.09682548E8,
      "p75" : 2.17467384E8,
      "p95" : 2.19276352E8,
      "p98" : 2.19276352E8,
      "p99" : 2.19276352E8,
      "p999" : 2.19276352E8,
      "values" : [ 200045144, 201265440, 202810616, 203952432, 205165568, 208609584, 210755512, 215396456, 216954600, 217638312, 218379680, 219276352 ],
      "stddev" : 7271515.795282401
    },
    "vm.memory.total.used.window.1h" : {
      "count" : 12,
      "max" : 219276352,
      "mean" : 2.10020808E8,
      "min" : 200045144,
      "p50" : 2.09682548E8,
      "p75" : 2.17467384E8,
      "p95" : 2.19276352E8,
      "p98" : 2.19276352E8,
      "p99" : 2.19276352E8,
      "p999" : 2.19276352E8,
      "values" : [ 200045144, 201265440, 202810616, 203952432, 205165568, 208609584, 210755512, 215396456, 216954600, 217638312, 218379680, 219276352 ],
      "stddev" : 7271515.795282401
    },
    "vm.memory.total.used.window.5m" : {
      "count" : 12,
      "max" : 219276352,
      "mean" : 2.1002090866666666E8,
      "min" : 200045144,
      "p50" : 2.09682548E8,
      "p75" : 2.17467384E8,
      "p95" : 2.19276352E8,
      "p98" : 2.19276352E8,
      "p99" : 2.19276352E8,
      "p999" : 2.19276352E8,
      "values" : [ 200045144, 201265440, 202811824, 203952432, 205165568, 208609584, 210755512, 215396456, 216954600, 217638312, 218379680, 219276352 ],
      "stddev" : 7271406.910790702
    }
  },
  "meters" : {
    "http.responseCodes.badRequest" : {
      "count" : 0,
      "m15_rate" : 0.0,
      "m1_rate" : 0.0,
      "m5_rate" : 0.0,
      "mean_rate" : 0.0,
      "units" : "events/minute"
    },
    "http.responseCodes.created" : {
      "count" : 0,
      "m15_rate" : 0.0,
      "m1_rate" : 0.0,
      "m5_rate" : 0.0,
      "mean_rate" : 0.0,
      "units" : "events/minute"
    },
    "http.responseCodes.forbidden" : {
      "count" : 0,
      "m15_rate" : 0.0,
      "m1_rate" : 0.0,
      "m5_rate" : 0.0,
      "mean_rate" : 0.0,
      "units" : "events/minute"
    },
    "http.responseCodes.noContent" : {
      "count" : 0,
      "m15_rate" : 0.0,
      "m1_rate" : 0.0,
      "m5_rate" : 0.0,
      "mean_rate" : 0.0,
      "units" : "events/minute"
    },
    "http.responseCodes.notFound" : {
      "count" : 0,
      "m15_rate" : 0.0,
      "m1_rate" : 0.0,
      "m5_rate" : 0.0,
      "mean_rate" : 0.0,
      "units" : "events/minute"
    },
    "http.responseCodes.notModified" : {
      "count" : 0,
      "m15_rate" : 0.0,
      "m1_rate" : 0.0,
      "m5_rate" : 0.0,
      "mean_rate" : 0.0,
      "units" : "events/minute"
    },
    "http.responseCodes.ok" : {
      "count" : 50,
      "m15_rate" : 3.051873005479861,
      "m1_rate" : 13.32699152639816,
      "m5_rate" : 7.6749569063914445,
      "mean_rate" : 15.033655997596913,
      "units" : "events/minute"
    },
    "http.responseCodes.other" : {
      "count" : 0,
      "m15_rate" : 0.0,
      "m1_rate" : 0.0,
      "m5_rate" : 0.0,
      "mean_rate" : 0.0,
      "units" : "events/minute"
    },
    "http.responseCodes.serverError" : {
      "count" : 0,
      "m15_rate" : 0.0,
      "m1_rate" : 0.0,
      "m5_rate" : 0.0,
      "mean_rate" : 0.0,
      "units" : "events/minute"
    },
    "http.responseCodes.serviceUnavailable" : {
      "count" : 0,
      "m15_rate" : 0.0,
      "m1_rate" : 0.0,
      "m5_rate" : 0.0,
      "mean_rate" : 0.0,
      "units" : "events/minute"
    },
    "jenkins.job.scheduled" : {
      "count" : 0,
      "m15_rate" : 0.0,
      "m1_rate" : 0.0,
      "m5_rate" : 0.0,
      "mean_rate" : 0.0,
      "units" : "events/minute"
    },
    "jenkins.runs.aborted" : {
      "count" : 0,
      "m15_rate" : 0.0,
      "m1_rate" : 0.0,
      "m5_rate" : 0.0,
      "mean_rate" : 0.0,
      "units" : "events/minute"
    },
    "jenkins.runs.failure" : {
      "count" : 0,
      "m15_rate" : 0.0,
      "m1_rate" : 0.0,
      "m5_rate" : 0.0,
      "mean_rate" : 0.0,
      "units" : "events/minute"
    },
    "jenkins.runs.not_built" : {
      "count" : 0,
      "m15_rate" : 0.0,
      "m1_rate" : 0.0,
      "m5_rate" : 0.0,
      "mean_rate" : 0.0,
      "units" : "events/minute"
    },
    "jenkins.runs.success" : {
      "count" : 0,
      "m15_rate" : 0.0,
      "m1_rate" : 0.0,
      "m5_rate" : 0.0,
      "mean_rate" : 0.0,
      "units" : "events/minute"
    },
    "jenkins.runs.total" : {
      "count" : 0,
      "m15_rate" : 0.0,
      "m1_rate" : 0.0,
      "m5_rate" : 0.0,
      "mean_rate" : 0.0,
      "units" : "events/minute"
    },
    "jenkins.runs.unstable" : {
      "count" : 0,
      "m15_rate" : 0.0,
      "m1_rate" : 0.0,
      "m5_rate" : 0.0,
      "mean_rate" : 0.0,
      "units" : "events/minute"
    },
    "jenkins.task.scheduled" : {
      "count" : 0,
      "m15_rate" : 0.0,
      "m1_rate" : 0.0,
      "m5_rate" : 0.0,
      "mean_rate" : 0.0,
      "units" : "events/minute"
    },
    "totalLoggingOutputMeter" : {
      "count" : 36,
      "m15_rate" : 1.989742768814932,
      "m1_rate" : 2.422918641367573,
      "m5_rate" : 4.112164984935958,
      "mean_rate" : 10.831473203730098,
      "units" : "events/minute"
    },
    "unrestrictedApiCallsMeter" : {
      "count" : 0,
      "m15_rate" : 0.0,
      "m1_rate" : 0.0,
      "m5_rate" : 0.0,
      "mean_rate" : 0.0,
      "units" : "events/minute"
    }
  },
  "timers" : {
    "http.requests" : {
      "count" : 50,
      "max" : 1.344697508,
      "mean" : 0.07215789456915606,
      "min" : 0.005890515000000001,
      "p50" : 0.022685721000000002,
      "p75" : 0.048576488,
      "p95" : 0.27559821,
      "p98" : 0.788513786,
      "p99" : 1.344697508,
      "p999" : 1.344697508,
      "values" : [ 0.005890515000000001, 0.005973107, 0.006045569000000001, 0.006221339, 0.0063557760000000005, 0.007639171, 0.007945833000000001, 0.00837887, 0.009207833, 0.009218342000000001, 0.009281873000000001, 0.010369495000000001, 0.010824196000000001, 0.011703910000000001, 0.011830715, 0.012331639, 0.013634646, 0.013886923, 0.014853359000000002, 0.015030715000000002, 0.015151864000000001, 0.017150205, 0.017849848, 0.021544936, 0.022685721000000002, 0.023479059, 0.023492916000000003, 0.023651885, 0.023725941, 0.024698469, 0.030331103, 0.035160915, 0.038668072000000005, 0.039567722, 0.043511205000000004, 0.044167662, 0.045626999, 0.048576488, 0.049942397000000006, 0.051194105000000004, 0.051657911, 0.052846003, 0.055406096, 0.058367499, 0.059630188, 0.07142179400000001, 0.085681859, 0.27559821, 0.788513786, 1.344697508 ],
      "stddev" : 0.21084061946452803,
      "m15_rate" : 3.051873005479861,
      "m1_rate" : 13.32699152639816,
      "m5_rate" : 7.6749569063914445,
      "mean_rate" : 15.034074363239059,
      "duration_units" : "seconds",
      "rate_units" : "calls/minute"
    },
    "jenkins.health-check.duration" : {
      "count" : 3,
      "max" : 0.008772859000000001,
      "mean" : 0.004282506093160987,
      "min" : 0.001040114,
      "p50" : 0.004858514,
      "p75" : 0.004858514,
      "p95" : 0.008772859000000001,
      "p98" : 0.008772859000000001,
      "p99" : 0.008772859000000001,
      "p999" : 0.008772859000000001,
      "values" : [ 0.001040114, 0.004858514, 0.008772859000000001 ],
      "stddev" : 0.0022473797506030705,
      "m15_rate" : 0.17873615013386687,
      "m1_rate" : 0.7404937883374558,
      "m5_rate" : 0.43205967123012634,
      "mean_rate" : 0.9449473718090858,
      "duration_units" : "seconds",
      "rate_units" : "calls/minute"
    },
    "jenkins.job.blocked.duration" : {
      "count" : 0,
      "max" : 0.0,
      "mean" : 0.0,
      "min" : 0.0,
      "p50" : 0.0,
      "p75" : 0.0,
      "p95" : 0.0,
      "p98" : 0.0,
      "p99" : 0.0,
      "p999" : 0.0,
      "values" : [ ],
      "stddev" : 0.0,
      "m15_rate" : 0.0,
      "m1_rate" : 0.0,
      "m5_rate" : 0.0,
      "mean_rate" : 0.0,
      "duration_units" : "seconds",
      "rate_units" : "calls/minute"
    },
    "jenkins.job.buildable.duration" : {
      "count" : 0,
      "max" : 0.0,
      "mean" : 0.0,
      "min" : 0.0,
      "p50" : 0.0,
      "p75" : 0.0,
      "p95" : 0.0,
      "p98" : 0.0,
      "p99" : 0.0,
      "p999" : 0.0,
      "values" : [ ],
      "stddev" : 0.0,
      "m15_rate" : 0.0,
      "m1_rate" : 0.0,
      "m5_rate" : 0.0,
      "mean_rate" : 0.0,
      "duration_units" : "seconds",
      "rate_units" : "calls/minute"
    },
    "jenkins.job.building.duration" : {
      "count" : 0,
      "max" : 0.0,
      "mean" : 0.0,
      "min" : 0.0,
      "p50" : 0.0,
      "p75" : 0.0,
      "p95" : 0.0,
      "p98" : 0.0,
      "p99" : 0.0,
      "p999" : 0.0,
      "values" : [ ],
      "stddev" : 0.0,
      "m15_rate" : 0.0,
      "m1_rate" : 0.0,
      "m5_rate" : 0.0,
      "mean_rate" : 0.0,
      "duration_units" : "seconds",
      "rate_units" : "calls/minute"
    },
    "jenkins.job.execution.time" : {
      "count" : 0,
      "max" : 0.0,
      "mean" : 0.0,
      "min" : 0.0,
      "p50" : 0.0,
      "p75" : 0.0,
      "p95" : 0.0,
      "p98" : 0.0,
      "p99" : 0.0,
      "p999" : 0.0,
      "values" : [ ],
      "stddev" : 0.0,
      "m15_rate" : 0.0,
      "m1_rate" : 0.0,
      "m5_rate" : 0.0,
      "mean_rate" : 0.0,
      "duration_units" : "seconds",
      "rate_units" : "calls/minute"
    },
    "jenkins.job.queuing.duration" : {
      "count" : 0,
      "max" : 0.0,
      "mean" : 0.0,
      "min" : 0.0,
      "p50" : 0.0,
      "p75" : 0.0,
      "p95" : 0.0,
      "p98" : 0.0,
      "p99" : 0.0,
      "p999" : 0.0,
      "values" : [ ],
      "stddev" : 0.0,
      "m15_rate" : 0.0,
      "m1_rate" : 0.0,
      "m5_rate" : 0.0,
      "mean_rate" : 0.0,
      "duration_units" : "seconds",
      "rate_units" : "calls/minute"
    },
    "jenkins.job.total.duration" : {
      "count" : 0,
      "max" : 0.0,
      "mean" : 0.0,
      "min" : 0.0,
      "p50" : 0.0,
      "p75" : 0.0,
      "p95" : 0.0,
      "p98" : 0.0,
      "p99" : 0.0,
      "p999" : 0.0,
      "values" : [ ],
      "stddev" : 0.0,
      "m15_rate" : 0.0,
      "m1_rate" : 0.0,
      "m5_rate" : 0.0,
      "mean_rate" : 0.0,
      "duration_units" : "seconds",
      "rate_units" : "calls/minute"
    },
    "jenkins.job.waiting.duration" : {
      "count" : 0,
      "max" : 0.0,
      "mean" : 0.0,
      "min" : 0.0,
      "p50" : 0.0,
      "p75" : 0.0,
      "p95" : 0.0,
      "p98" : 0.0,
      "p99" : 0.0,
      "p999" : 0.0,
      "values" : [ ],
      "stddev" : 0.0,
      "m15_rate" : 0.0,
      "m1_rate" : 0.0,
      "m5_rate" : 0.0,
      "mean_rate" : 0.0,
      "duration_units" : "seconds",
      "rate_units" : "calls/minute"
    },
    "jenkins.task.blocked.duration" : {
      "count" : 0,
      "max" : 0.0,
      "mean" : 0.0,
      "min" : 0.0,
      "p50" : 0.0,
      "p75" : 0.0,
      "p95" : 0.0,
      "p98" : 0.0,
      "p99" : 0.0,
      "p999" : 0.0,
      "values" : [ ],
      "stddev" : 0.0,
      "m15_rate" : 0.0,
      "m1_rate" : 0.0,
      "m5_rate" : 0.0,
      "mean_rate" : 0.0,
      "duration_units" : "seconds",
      "rate_units" : "calls/minute"
    },
    "jenkins.task.buildable.duration" : {
      "count" : 0,
      "max" : 0.0,
      "mean" : 0.0,
      "min" : 0.0,
      "p50" : 0.0,
      "p75" : 0.0,
      "p95" : 0.0,
      "p98" : 0.0,
      "p99" : 0.0,
      "p999" : 0.0,
      "values" : [ ],
      "stddev" : 0.0,
      "m15_rate" : 0.0,
      "m1_rate" : 0.0,
      "m5_rate" : 0.0,
      "mean_rate" : 0.0,
      "duration_units" : "seconds",
      "rate_units" : "calls/minute"
    },
    "jenkins.task.execution.duration" : {
      "count" : 0,
      "max" : 0.0,
      "mean" : 0.0,
      "min" : 0.0,
      "p50" : 0.0,
      "p75" : 0.0,
      "p95" : 0.0,
      "p98" : 0.0,
      "p99" : 0.0,
      "p999" : 0.0,
      "values" : [ ],
      "stddev" : 0.0,
      "m15_rate" : 0.0,
      "m1_rate" : 0.0,
      "m5_rate" : 0.0,
      "mean_rate" : 0.0,
      "duration_units" : "seconds",
      "rate_units" : "calls/minute"
    },
    "jenkins.task.queuing.duration" : {
      "count" : 0,
      "max" : 0.0,
      "mean" : 0.0,
      "min" : 0.0,
      "p50" : 0.0,
      "p75" : 0.0,
      "p95" : 0.0,
      "p98" : 0.0,
      "p99" : 0.0,
      "p999" : 0.0,
      "values" : [ ],
      "stddev" : 0.0,
      "m15_rate" : 0.0,
      "m1_rate" : 0.0,
      "m5_rate" : 0.0,
      "mean_rate" : 0.0,
      "duration_units" : "seconds",
      "rate_units" : "calls/minute"
    },
    "jenkins.task.waiting.duration" : {
      "count" : 0,
      "max" : 0.0,
      "mean" : 0.0,
      "min" : 0.0,
      "p50" : 0.0,
      "p75" : 0.0,
      "p95" : 0.0,
      "p98" : 0.0,
      "p99" : 0.0,
      "p999" : 0.0,
      "values" : [ ],
      "stddev" : 0.0,
      "m15_rate" : 0.0,
      "m1_rate" : 0.0,
      "m5_rate" : 0.0,
      "mean_rate" : 0.0,
      "duration_units" : "seconds",
      "rate_units" : "calls/minute"
    }
  }
}