<hudson.plugins.emailext.ExtendedEmailPublisherDescriptor plugin="email-ext@2.68">
  <mailAccount>
    <useSsl>false</useSsl>
  </mailAccount>
  <addAccounts/>
  <defaultSubject>$PROJECT_NAME - Build # $BUILD_NUMBER - $BUILD_STATUS!</defaultSubject>
  <defaultBody>$PROJECT_NAME - Build # $BUILD_NUMBER - $BUILD_STATUS:

Check console output at $BUILD_URL to view the results.</defaultBody>
  <defaultPresendScript/>
  <defaultPostsendScript/>
  <defaultClasspath/>
  <defaultTriggerIds>
    <string>hudson.plugins.emailext.plugins.trigger.FailureTrigger</string>
  </defaultTriggerIds>
  <emergencyReroute/>
  <maxAttachmentSize>-1</maxAttachmentSize>
  <recipientList/>
  <defaultReplyTo/>
  <excludedCommitters/>
  <overrideGlobalSettings>false</overrideGlobalSettings>
  <precedenceBulk>false</precedenceBulk>
  <debugMode>false</debugMode>
  <requireAdminForTemplateTesting>false</requireAdminForTemplateTesting>
  <enableWatching>false</enableWatching>
  <enableAllowUnregistered>false</enableAllowUnregistered>
</hudson.plugins.emailext.ExtendedEmailPublisherDescriptor>