{
  "version" : "4.0.0",
  "gauges" : {
    "jenkins.executor.count.value" : {
      "value" : 2
    },
    "jenkins.executor.free.value" : {
      "value" : 2
    },
    "jenkins.executor.in-use.value" : {
      "value" : 0
    },
    "jenkins.health-check.count" : {
      "value" : 4
    },
    "jenkins.health-check.inverse-score" : {
      "value" : 0.0
    },
    "jenkins.health-check.score" : {
      "value" : 1.0
    },
    "jenkins.job.averageDepth" : {
      "value" : 3.0
    },
    "jenkins.job.count.value" : {
      "value" : 1
    },
    "jenkins.node.count.value" : {
      "value" : 2
    },
    "jenkins.node.offline.value" : {
      "value" : 1
    },
    "jenkins.node.online.value" : {
      "value" : 1
    },
    "jenkins.plugins.active" : {
      "value" : 113
    },
    "jenkins.plugins.failed" : {
      "value" : 0
    },
    "jenkins.plugins.inactive" : {
      "value" : 0
    },
    "jenkins.plugins.withUpdate" : {
      "value" : 0
    },
    "jenkins.project.count.value" : {
      "value" : 1
    },
    "jenkins.project.disabled.count.value" : {
      "value" : 0
    },
    "jenkins.project.enabled.count.value" : {
      "value" : 1
    },
    "jenkins.queue.blocked.value" : {
      "value" : 0
    },
    "jenkins.queue.buildable.value" : {
      "value" : 0
    },
    "jenkins.queue.pending.value" : {
      "value" : 0
    },
    "jenkins.queue.size.value" : {
      "value" : 0
    },
    "jenkins.queue.stuck.value" : {
      "value" : 0
    },
    "jenkins.versions.core" : {
      "value" : "2.190.3.2"
    },
    "jenkins.versions.plugin.ace-editor" : {
      "value" : "1.1"
    },
    "jenkins.versions.plugin.apache-httpcomponents-client-4-api" : {
      "value" : "4.5.10-2.0"
    },
    "jenkins.versions.plugin.async-http-client" : {
      "value" : "1.7.24.2"
    },
    "jenkins.versions.plugin.authentication-tokens" : {
      "value" : "1.3"
    },
    "jenkins.versions.plugin.blueocean" : {
      "value" : "1.19.0"
    },
    "jenkins.versions.plugin.blueocean-autofavorite" : {
      "value" : "1.2.4"
    },
    "jenkins.versions.plugin.blueocean-bitbucket-pipeline" : {
      "value" : "1.19.0"
    },
    "jenkins.versions.plugin.blueocean-commons" : {
      "value" : "1.19.0"
    },
    "jenkins.versions.plugin.blueocean-config" : {
      "value" : "1.19.0"
    },
    "jenkins.versions.plugin.blueocean-core-js" : {
      "value" : "1.19.0"
    },
    "jenkins.versions.plugin.blueocean-dashboard" : {
      "value" : "1.19.0"
    },
    "jenkins.versions.plugin.blueocean-display-url" : {
      "value" : "2.3.0"
    },
    "jenkins.versions.plugin.blueocean-events" : {
      "value" : "1.19.0"
    },
    "jenkins.versions.plugin.blueocean-git-pipeline" : {
      "value" : "1.19.0"
    },
    "jenkins.versions.plugin.blueocean-github-pipeline" : {
      "value" : "1.19.0"
    },
    "jenkins.versions.plugin.blueocean-i18n" : {
      "value" : "1.19.0"
    },
    "jenkins.versions.plugin.blueocean-jira" : {
      "value" : "1.19.0"
    },
    "jenkins.versions.plugin.blueocean-jwt" : {
      "value" : "1.19.0"
    },
    "jenkins.versions.plugin.blueocean-personalization" : {
      "value" : "1.19.0"
    },
    "jenkins.versions.plugin.blueocean-pipeline-api-impl" : {
      "value" : "1.19.0"
    },
    "jenkins.versions.plugin.blueocean-pipeline-editor" : {
      "value" : "1.19.0"
    },
    "jenkins.versions.plugin.blueocean-pipeline-scm-api" : {
      "value" : "1.19.0"
    },
    "jenkins.versions.plugin.blueocean-rest" : {
      "value" : "1.19.0"
    },
    "jenkins.versions.plugin.blueocean-rest-impl" : {
      "value" : "1.19.0"
    },
    "jenkins.versions.plugin.blueocean-web" : {
      "value" : "1.19.0"
    },
    "jenkins.versions.plugin.bouncycastle-api" : {
      "value" : "2.17"
    },
    "jenkins.versions.plugin.branch-api" : {
      "value" : "2.5.4"
    },
    "jenkins.versions.plugin.cloudbees-administrative-monitors" : {
      "value" : "1.0.1"
    },
    "jenkins.versions.plugin.cloudbees-analytics" : {
      "value" : "1.3"
    },
    "jenkins.versions.plugin.cloudbees-assurance" : {
      "value" : "2.138.0.10"
    },
    "jenkins.versions.plugin.cloudbees-bitbucket-branch-source" : {
      "value" : "2.5.0"
    },
    "jenkins.versions.plugin.cloudbees-blueocean-default-theme" : {
      "value" : "0.5"
    },
    "jenkins.versions.plugin.cloudbees-folder" : {
      "value" : "6.9"
    },
    "jenkins.versions.plugin.cloudbees-jenkins-advisor" : {
      "value" : "3.0"
    },
    "jenkins.versions.plugin.cloudbees-license" : {
      "value" : "9.35"
    },
    "jenkins.versions.plugin.cloudbees-support" : {
      "value" : "3.22"
    },
    "jenkins.versions.plugin.cloudbees-uc-data-api" : {
      "value" : "4.42"
    },
    "jenkins.versions.plugin.command-launcher" : {
      "value" : "1.3"
    },
    "jenkins.versions.plugin.configuration-as-code" : {
      "value" : "1.30"
    },
    "jenkins.versions.plugin.credentials" : {
      "value" : "2.3.0"
    },
    "jenkins.versions.plugin.credentials-binding" : {
      "value" : "1.20"
    },
    "jenkins.versions.plugin.display-url-api" : {
      "value" : "2.3.1"
    },
    "jenkins.versions.plugin.docker-commons" : {
      "value" : "1.15"
    },
    "jenkins.versions.plugin.docker-workflow" : {
      "value" : "1.21"
    },
    "jenkins.versions.plugin.durable-task" : {
      "value" : "1.30"
    },
    "jenkins.versions.plugin.email-ext" : {
      "value" : "2.68"
    },
    "jenkins.versions.plugin.favorite" : {
      "value" : "2.3.2"
    },
    "jenkins.versions.plugin.folder-auth" : {
      "value" : "1.1"
    },
    "jenkins.versions.plugin.git" : {
      "value" : "3.12.1"
    },
    "jenkins.versions.plugin.git-client" : {
      "value" : "2.9.0"
    },
    "jenkins.versions.plugin.git-parameter" : {
      "value" : "0.9.11"
    },
    "jenkins.versions.plugin.git-server" : {
      "value" : "1.8"
    },
    "jenkins.versions.plugin.github" : {
      "value" : "1.29.4"
    },
    "jenkins.versions.plugin.github-api" : {
      "value" : "1.95"
    },
    "jenkins.versions.plugin.github-branch-source" : {
      "value" : "2.5.8"
    },
    "jenkins.versions.plugin.gradle" : {
      "value" : "1.30"
    },
    "jenkins.versions.plugin.handlebars" : {
      "value" : "1.1.1"
    },
    "jenkins.versions.plugin.handy-uri-templates-2-api" : {
      "value" : "2.1.7-1.0"
    },
    "jenkins.versions.plugin.htmlpublisher" : {
      "value" : "1.21"
    },
    "jenkins.versions.plugin.jackson2-api" : {
      "value" : "2.10.0"
    },
    "jenkins.versions.plugin.jaxb" : {
      "value" : "2.3.0.1"
    },
    "jenkins.versions.plugin.jdk-tool" : {
      "value" : "1.3"
    },
    "jenkins.versions.plugin.jenkins-design-language" : {
      "value" : "1.19.0"
    },
    "jenkins.versions.plugin.jira" : {
      "value" : "3.0.10"
    },
    "jenkins.versions.plugin.jquery" : {
      "value" : "1.12.4-1"
    },
    "jenkins.versions.plugin.jquery-detached" : {
      "value" : "1.2.1"
    },
    "jenkins.versions.plugin.jsch" : {
      "value" : "0.1.55.1"
    },
    "jenkins.versions.plugin.junit" : {
      "value" : "1.28"
    },
    "jenkins.versions.plugin.ldap" : {
      "value" : "1.20"
    },
    "jenkins.versions.plugin.mailer" : {
      "value" : "1.29"
    },
    "jenkins.versions.plugin.mapdb-api" : {
      "value" : "1.0.9.0"
    },
    "jenkins.versions.plugin.matrix-project" : {
      "value" : "1.14"
    },
    "jenkins.versions.plugin.mercurial" : {
      "value" : "2.8"
    },
    "jenkins.versions.plugin.metrics" : {
      "value" : "4.0.2.6"
    },
    "jenkins.versions.plugin.momentjs" : {
      "value" : "1.1.1"
    },
    "jenkins.versions.plugin.nectar-license" : {
      "value" : "8.24"
    },
    "jenkins.versions.plugin.pipeline-build-step" : {
      "value" : "2.9"
    },
    "jenkins.versions.plugin.pipeline-graph-analysis" : {
      "value" : "1.10"
    },
    "jenkins.versions.plugin.pipeline-input-step" : {
      "value" : "2.11"
    },
    "jenkins.versions.plugin.pipeline-milestone-step" : {
      "value" : "1.3.1"
    },
    "jenkins.versions.plugin.pipeline-model-api" : {
      "value" : "1.3.9"
    },
    "jenkins.versions.plugin.pipeline-model-declarative-agent" : {
      "value" : "1.1.1"
    },
    "jenkins.versions.plugin.pipeline-model-definition" : {
      "value" : "1.3.9"
    },
    "jenkins.versions.plugin.pipeline-model-extensions" : {
      "value" : "1.3.9"
    },
    "jenkins.versions.plugin.pipeline-rest-api" : {
      "value" : "2.12"
    },
    "jenkins.versions.plugin.pipeline-stage-step" : {
      "value" : "2.3"
    },
    "jenkins.versions.plugin.pipeline-stage-tags-metadata" : {
      "value" : "1.3.9"
    },
    "jenkins.versions.plugin.pipeline-stage-view" : {
      "value" : "2.12"
    },
    "jenkins.versions.plugin.plain-credentials" : {
      "value" : "1.5"
    },
    "jenkins.versions.plugin.pubsub-light" : {
      "value" : "1.13"
    },
    "jenkins.versions.plugin.scm-api" : {
      "value" : "2.6.3"
    },
    "jenkins.versions.plugin.script-security" : {
      "value" : "1.66"
    },
    "jenkins.versions.plugin.sse-gateway" : {
      "value" : "1.20"
    },
    "jenkins.versions.plugin.ssh" : {
      "value" : "2.6.1"
    },
    "jenkins.versions.plugin.ssh-agent" : {
      "value" : "1.17"
    },
    "jenkins.versions.plugin.ssh-credentials" : {
      "value" : "1.18"
    },
    "jenkins.versions.plugin.ssh-slaves" : {
      "value" : "1.31.0"
    },
    "jenkins.versions.plugin.structs" : {
      "value" : "1.20"
    },
    "jenkins.versions.plugin.support-core" : {
      "value" : "2.62"
    },
    "jenkins.versions.plugin.token-macro" : {
      "value" : "2.8"
    },
    "jenkins.versions.plugin.trilead-api" : {
      "value" : "1.0.5"
    },
    "jenkins.versions.plugin.variant" : {
      "value" : "1.3"
    },
    "jenkins.versions.plugin.workflow-aggregator" : {
      "value" : "2.5"
    },
    "jenkins.versions.plugin.workflow-api" : {
      "value" : "2.37"
    },
    "jenkins.versions.plugin.workflow-basic-steps" : {
      "value" : "2.18"
    },
    "jenkins.versions.plugin.workflow-cps" : {
      "value" : "2.74"
    },
    "jenkins.versions.plugin.workflow-cps-global-lib" : {
      "value" : "2.15"
    },
    "jenkins.versions.plugin.workflow-durable-task-step" : {
      "value" : "2.34"
    },
    "jenkins.versions.plugin.workflow-job" : {
      "value" : "2.35"
    },
    "jenkins.versions.plugin.workflow-multibranch" : {
      "value" : "2.21"
    },
    "jenkins.versions.plugin.workflow-scm-step" : {
      "value" : "2.9"
    },
    "jenkins.versions.plugin.workflow-step-api" : {
      "value" : "2.20"
    },
    "jenkins.versions.plugin.workflow-support" : {
      "value" : "3.3"
    },
    "system.cpu.load" : {
      "value" : 0.2
    },
    "vm.blocked.count" : {
      "value" : 0
    },
    "vm.class.loaded" : {
      "value" : 16864
    },
    "vm.class.unloaded" : {
      "value" : 62
    },
    "vm.count" : {
      "value" : 58
    },
    "vm.cpu.load" : {
      "value" : 0.30463669776646873
    },
    "vm.daemon.count" : {
      "value" : 37
    },
    "vm.deadlock.count" : {
      "value" : 0
    },
    "vm.deadlocks" : {
      "value" : [ ]
    },
    "vm.file.descriptor.ratio" : {
      "value" : 0.142333984375
    },
    "vm.gc.Copy.count" : {
      "value" : 1493
    },
    "vm.gc.Copy.time" : {
      "value" : 5917
    },
    "vm.gc.MarkSweepCompact.count" : {
      "value" : 9
    },
    "vm.gc.MarkSweepCompact.time" : {
      "value" : 1054
    },
    "vm.memory.heap.committed" : {
      "value" : 186339328
    },
    "vm.memory.heap.init" : {
      "value" : 14680064
    },
    "vm.memory.heap.max" : {
      "value" : 208863232
    },
    "vm.memory.heap.usage" : {
      "value" : 0.6288582568711759
    },
    "vm.memory.heap.used" : {
      "value" : 131345368
    },
    "vm.memory.non-heap.committed" : {
      "value" : 144572416
    },
    "vm.memory.non-heap.init" : {
      "value" : 2555904
    },
    "vm.memory.non-heap.max" : {
      "value" : -1
    },
    "vm.memory.non-heap.usage" : {
      "value" : -1.32218792E8
    },
    "vm.memory.non-heap.used" : {
      "value" : 132218792
    },
    "vm.memory.pools.Code-Cache.committed" : {
      "value" : 22937600
    },
    "vm.memory.pools.Code-Cache.init" : {
      "value" : 2555904
    },
    "vm.memory.pools.Code-Cache.max" : {
      "value" : 251658240
    },
    "vm.memory.pools.Code-Cache.usage" : {
      "value" : 0.09046198527018229
    },
    "vm.memory.pools.Code-Cache.used" : {
      "value" : 22765504
    },
    "vm.memory.pools.Compressed-Class-Space.committed" : {
      "value" : 13893632
    },
    "vm.memory.pools.Compressed-Class-Space.init" : {
      "value" : 0
    },
    "vm.memory.pools.Compressed-Class-Space.max" : {
      "value" : 1073741824
    },
    "vm.memory.pools.Compressed-Class-Space.usage" : {
      "value" : 0.01054053008556366
    },
    "vm.memory.pools.Compressed-Class-Space.used" : {
      "value" : 11317808
    },
    "vm.memory.pools.Eden-Space.committed" : {
      "value" : 51511296
    },
    "vm.memory.pools.Eden-Space.init" : {
      "value" : 3932160
    },
    "vm.memory.pools.Eden-Space.max" : {
      "value" : 57671680
    },
    "vm.memory.pools.Eden-Space.usage" : {
      "value" : 0.8931818181818182
    },
    "vm.memory.pools.Eden-Space.used" : {
      "value" : 51511296
    },
    "vm.memory.pools.Eden-Space.used-after-gc" : {
      "value" : 0
    },
    "vm.memory.pools.Metaspace.committed" : {
      "value" : 107741184
    },
    "vm.memory.pools.Metaspace.init" : {
      "value" : 0
    },
    "vm.memory.pools.Metaspace.max" : {
      "value" : -1
    },
    "vm.memory.pools.Metaspace.usage" : {
      "value" : 0.9108606788653817
    },
    "vm.memory.pools.Metaspace.used" : {
      "value" : 98137208
    },
    "vm.memory.pools.Survivor-Space.committed" : {
      "value" : 6422528
    },
    "vm.memory.pools.Survivor-Space.init" : {
      "value" : 458752
    },
    "vm.memory.pools.Survivor-Space.max" : {
      "value" : 7143424
    },
    "vm.memory.pools.Survivor-Space.usage" : {
      "value" : 0.39078738711295874
    },
    "vm.memory.pools.Survivor-Space.used" : {
      "value" : 2791560
    },
    "vm.memory.pools.Survivor-Space.used-after-gc" : {
      "value" : 2791560
    },
    "vm.memory.pools.Tenured-Gen.committed" : {
      "value" : 128405504
    },
    "vm.memory.pools.Tenured-Gen.init" : {
      "value" : 9830400
    },
    "vm.memory.pools.Tenured-Gen.max" : {
      "value" : 144048128
    },
    "vm.memory.pools.Tenured-Gen.usage" : {
      "value" : 0.5348386894691196
    },
    "vm.memory.pools.Tenured-Gen.used" : {
      "value" : 77042512
    },
    "vm.memory.pools.Tenured-Gen.used-after-gc" : {
      "value" : 77042512
    },
    "vm.memory.total.committed" : {
      "value" : 330911744
    },
    "vm.memory.total.init" : {
      "value" : 17235968
    },
    "vm.memory.total.max" : {
      "value" : 208863231
    },
    "vm.memory.total.used" : {
      "value" : 214180112
    },
    "vm.new.count" : {
      "value" : 0
    },
    "vm.runnable.count" : {
      "value" : 14
    },
    "vm.terminated.count" : {
      "value" : 0
    },
    "vm.timed_waiting.count" : {
      "value" : 24
    },
    "vm.uptime.milliseconds" : {
      "value" : 228385
    },
    "vm.waiting.count" : {
      "value" : 20
    }
  },
  "counters" : {
    "http.activeRequests" : {
      "count" : 0
    }
  },
  "histograms" : {
    "jenkins.executor.count.history" : {
      "count" : 12,
      "max" : 2,
      "mean" : 2.0,
      "min" : 2,
      "p50" : 2.0,
      "p75" : 2.0,
      "p95" : 2.0,
      "p98" : 2.0,
      "p99" : 2.0,
      "p999" : 2.0,
      "values" : [ 2, 2, 2, 2, 2, 2, 2, 2, 2, 2, 2, 2 ],
      "stddev" : 0.0
    },
    "jenkins.executor.free.history" : {
      "count" : 12,
      "max" : 2,
      "mean" : 2.0,
      "min" : 2,
      "p50" : 2.0,
      "p75" : 2.0,
      "p95" : 2.0,
      "p98" : 2.0,
      "p99" : 2.0,
      "p999" : 2.0,
      "values" : [ 2, 2, 2, 2, 2, 2, 2, 2, 2, 2, 2, 2 ],
      "stddev" : 0.0
    },
    "jenkins.executor.in-use.history" : {
      "count" : 12,
      "max" : 0,
      "mean" : 0.0,
      "min" : 0,
      "p50" : 0.0,
      "p75" : 0.0,
      "p95" : 0.0,
      "p98" : 0.0,
      "p99" : 0.0,
      "p999" : 0.0,
      "values" : [ 0, 0, 0, 0, 0, 0, 0, 0, 0, 0, 0, 0 ],
      "stddev" : 0.0
    },
    "jenkins.job.count.history" : {
      "count" : 12,
      "max" : 1,
      "mean" : 1.0,
      "min" : 1,
      "p50" : 1.0,
      "p75" : 1.0,
      "p95" : 1.0,
      "p98" : 1.0,
      "p99" : 1.0,
      "p999" : 1.0,
      "values" : [ 1, 1, 1, 1, 1, 1, 1, 1, 1, 1, 1, 1 ],
      "stddev" : 0.0
    },
    "jenkins.node.count.history" : {
      "count" : 12,
      "max" : 2,
      "mean" : 2.0,
      "min" : 2,
      "p50" : 2.0,
      "p75" : 2.0,
      "p95" : 2.0,
      "p98" : 2.0,
      "p99" : 2.0,
      "p999" : 2.0,
      "values" : [ 2, 2, 2, 2, 2, 2, 2, 2, 2, 2, 2, 2 ],
      "stddev" : 0.0
    },
    "jenkins.node.offline.history" : {
      "count" : 12,
      "max" : 1,
      "mean" : 1.0,
      "min" : 1,
      "p50" : 1.0,
      "p75" : 1.0,
      "p95" : 1.0,
      "p98" : 1.0,
      "p99" : 1.0,
      "p999" : 1.0,
      "values" : [ 1, 1, 1, 1, 1, 1, 1, 1, 1, 1, 1, 1 ],
      "stddev" : 0.0
    },
    "jenkins.node.online.history" : {
      "count" : 12,
      "max" : 1,
      "mean" : 1.0000000000000002,
      "min" : 1,
      "p50" : 1.0,
      "p75" : 1.0,
      "p95" : 1.0,
      "p98" : 1.0,
      "p99" : 1.0,
      "p999" : 1.0,
      "values" : [ 1, 1, 1, 1, 1, 1, 1, 1, 1, 1, 1, 1 ],
      "stddev" : 2.220446049250313E-16
    },
    "jenkins.project.count.history" : {
      "count" : 12,
      "max" : 1,
      "mean" : 1.0000000000000002,
      "min" : 1,
      "p50" : 1.0,
      "p75" : 1.0,
      "p95" : 1.0,
      "p98" : 1.0,
      "p99" : 1.0,
      "p999" : 1.0,
      "values" : [ 1, 1, 1, 1, 1, 1, 1, 1, 1, 1, 1, 1 ],
      "stddev" : 2.220446049250313E-16
    },
    "jenkins.project.disabled.count.history" : {
      "count" : 12,
      "max" : 0,
      "mean" : 0.0,
      "min" : 0,
      "p50" : 0.0,
      "p75" : 0.0,
      "p95" : 0.0,
      "p98" : 0.0,
      "p99" : 0.0,
      "p999" : 0.0,
      "values" : [ 0, 0, 0, 0, 0, 0, 0, 0, 0, 0, 0, 0 ],
      "stddev" : 0.0
    },
    "jenkins.project.enabled.count.history" : {
      "count" : 12,
      "max" : 1,
      "mean" : 1.0,
      "min" : 1,
      "p50" : 1.0,
      "p75" : 1.0,
      "p95" : 1.0,
      "p98" : 1.0,
      "p99" : 1.0,
      "p999" : 1.0,
      "values" : [ 1, 1, 1, 1, 1, 1, 1, 1, 1, 1, 1, 1 ],
      "stddev" : 0.0
    },
    "jenkins.queue.blocked.history" : {
      "count" : 12,
      "max" : 0,
      "mean" : 0.0,
      "min" : 0,
      "p50" : 0.0,
      "p75" : 0.0,
      "p95" : 0.0,
      "p98" : 0.0,
      "p99" : 0.0,
      "p999" : 0.0,
      "values" : [ 0, 0, 0, 0, 0, 0, 0, 0, 0, 0, 0, 0 ],
      "stddev" : 0.0
    },
    "jenkins.queue.buildable.history" : {
      "count" : 12,
      "max" : 0,
      "mean" : 0.0,
      "min" : 0,
      "p50" : 0.0,
      "p75" : 0.0,
      "p95" : 0.0,
      "p98" : 0.0,
      "p99" : 0.0,
      "p999" : 0.0,
      "values" : [ 0, 0, 0, 0, 0, 0, 0, 0, 0, 0, 0, 0 ],
      "stddev" : 0.0
    },
    "jenkins.queue.pending.history" : {
      "count" : 12,
      "max" : 0,
      "mean" : 0.0,
      "min" : 0,
      "p50" : 0.0,
      "p75" : 0.0,
      "p95" : 0.0,
      "p98" : 0.0,
      "p99" : 0.0,
      "p999" : 0.0,
      "values" : [ 0, 0, 0, 0, 0, 0, 0, 0, 0, 0, 0, 0 ],
      "stddev" : 0.0
    },
    "jenkins.queue.size.history" : {
      "count" : 12,
      "max" : 0,
      "mean" : 0.0,
      "min" : 0,
      "p50" : 0.0,
      "p75" : 0.0,
      "p95" : 0.0,
      "p98" : 0.0,
      "p99" : 0.0,
      "p999" : 0.0,
      "values" : [ 0, 0, 0, 0, 0, 0, 0, 0, 0, 0, 0, 0 ],
      "stddev" : 0.0
    },
    "jenkins.queue.stuck.history" : {
      "count" : 12,
      "max" : 0,
      "mean" : 0.0,
      "min" : 0,
      "p50" : 0.0,
      "p75" : 0.0,
      "p95" : 0.0,
      "p98" : 0.0,
      "p99" : 0.0,
      "p999" : 0.0,
      "values" : [ 0, 0, 0, 0, 0, 0, 0, 0, 0, 0, 0, 0 ],
      "stddev" : 0.0
    },
    "jenkins.servlet.container.active" : {
      "count" : 6,
      "max" : 0,
      "mean" : 0.0,
      "min" : 0,
      "p50" : 0.0,
      "p75" : 0.0,
      "p95" : 0.0,
      "p98" : 0.0,
      "p99" : 0.0,
      "p999" : 0.0,
      "values" : [ 0, 0, 0, 0, 0, 0 ],
      "stddev" : 0.0
    },
    "jenkins.servlet.container.threadsCounter" : {
      "count" : 6,
      "max" : 60,
      "mean" : 52.95475129162799,
      "min" : 51,
      "p50" : 52.0,
      "p75" : 52.0,
      "p95" : 60.0,
      "p98" : 60.0,
      "p99" : 60.0,
      "p999" : 60.0,
      "values" : [ 51, 51, 52, 53, 60, 60 ],
      "stddev" : 3.1745522972108833
    },
    "jenkins.servlet.container.workers" : {
      "count" : 6,
      "max" : 7,
      "mean" : 7.0,
      "min" : 7,
      "p50" : 7.0,
      "p75" : 7.0,
      "p95" : 7.0,
      "p98" : 7.0,
      "p99" : 7.0,
      "p999" : 7.0,
      "values" : [ 7, 7, 7, 7, 7, 7 ],
      "stddev" : 0.0
    },
    "jenkins.servlet.container.workersStatusBlocked" : {
      "count" : 6,
      "max" : 0,
      "mean" : 0.0,
      "min" : 0,
      "p50" : 0.0,
      "p75" : 0.0,
      "p95" : 0.0,
      "p98" : 0.0,
      "p99" : 0.0,
      "p999" : 0.0,
      "values" : [ 0, 0, 0, 0, 0, 0 ],
      "stddev" : 0.0
    },
    "jenkins.servlet.container.workersStatusTimeWait" : {
      "count" : 6,
      "max" : 6,
      "mean" : 6.0,
      "min" : 6,
      "p50" : 6.0,
      "p75" : 6.0,
      "p95" : 6.0,
      "p98" : 6.0,
      "p99" : 6.0,
      "p999" : 6.0,
      "values" : [ 6, 6, 6, 6, 6, 6 ],
      "stddev" : 0.0
    },
    "system.cpu.load.x100.history" : {
      "count" : 12,
      "max" : 187,
      "mean" : 43.75986260418536,
      "min" : 15,
      "p50" : 25.0,
      "p75" : 53.0,
      "p95" : 135.0,
      "p98" : 173.0,
      "p99" : 187.0,
      "p999" : 187.0,
      "values" : [ 15, 19, 25, 32, 41, 53, 68, 87, 112, 135, 173, 187 ],
      "stddev" : 40.47917875073894
    },
    "system.cpu.load.x100.window.15m" : {
      "count" : 12,
      "max" : 187,
      "mean" : 78.91666666666667,
      "min" : 15,
      "p50" : 60.5,
      "p75" : 129.25,
      "p95" : 187.0,
      "p98" : 187.0,
      "p99" : 187.0,
      "p999" : 187.0,
      "values" : [ 15, 19, 25, 32, 41, 53, 68, 87, 112, 135, 173, 187 ],
      "stddev" : 60.189788220765536
    },
    "system.cpu.load.x100.window.1h" : {
      "count" : 12,
      "max" : 187,
      "mean" : 78.91666666666667,
      "min" : 15,
      "p50" : 60.5,
      "p75" : 129.25,
      "p95" : 187.0,
      "p98" : 187.0,
      "p99" : 187.0,
      "p999" : 187.0,
      "values" : [ 15, 19, 25, 32, 41, 53, 68, 87, 112, 135, 173, 187 ],
      "stddev" : 60.189788220765536
    },
    "system.cpu.load.x100.window.5m" : {
      "count" : 12,
      "max" : 187,
      "mean" : 78.91666666666667,
      "min" : 15,
      "p50" : 60.5,
      "p75" : 129.25,
      "p95" : 187.0,
      "p98" : 187.0,
      "p99" : 187.0,
      "p999" : 187.0,
      "values" : [ 15, 19, 25, 32, 41, 53, 68, 87, 112, 135, 173, 187 ],
      "stddev" : 60.189788220765536
    },
    "vm.cpu.load.x100.history" : {
      "count" : 12,
      "max" : 95,
      "mean" : 2.6945245316232,
      "min" : 0,
      "p50" : 0.0,
      "p75" : 0.0,
      "p95" : 1.0,
      "p98" : 39.0,
      "p99" : 95.0,
      "p999" : 95.0,
      "values" : [ 0, 0, 0, 0, 0, 0, 0, 0, 0, 1, 39, 95 ],
      "stddev" : 14.012382525312539
    },
    "vm.cpu.load.x100.window.15m" : {
      "count" : 12,
      "max" : 95,
      "mean" : 11.25,
      "min" : 0,
      "p50" : 0.0,
      "p75" : 0.75,
      "p95" : 95.0,
      "p98" : 95.0,
      "p99" : 95.0,
      "p999" : 95.0,
      "values" : [ 0, 0, 0, 0, 0, 0, 0, 0, 0, 1, 39, 95 ],
      "stddev" : 28.648734701553575
    },
    "vm.cpu.load.x100.window.1h" : {
      "count" : 12,
      "max" : 95,
      "mean" : 11.25,
      "min" : 0,
      "p50" : 0.0,
      "p75" : 0.75,
      "p95" : 95.0,
      "p98" : 95.0,
      "p99" : 95.0,
      "p999" : 95.0,
      "values" : [ 0, 0, 0, 0, 0, 0, 0, 0, 0, 1, 39, 95 ],
      "stddev" : 28.648734701553575
    },
    "vm.cpu.load.x100.window.5m" : {
      "count" : 12,
      "max" : 95,
      "mean" : 11.25,
      "min" : 0,
      "p50" : 0.0,
      "p75" : 0.75,
      "p95" : 95.0,
      "p98" : 95.0,
      "p99" : 95.0,
      "p999" : 95.0,
      "values" : [ 0, 0, 0, 0, 0, 0, 0, 0, 0, 1, 39, 95 ],
      "stddev" : 28.648734701553575
    },
    "vm.file.descriptor.ratio.x100.history" : {
      "count" : 12,
      "max" : 14,
      "mean" : 14.0,
      "min" : 14,
      "p50" : 14.0,
      "p75" : 14.0,
      "p95" : 14.0,
      "p98" : 14.0,
      "p99" : 14.0,
      "p999" : 14.0,
      "values" : [ 14, 14, 14, 14, 14, 14, 14, 14, 14, 14, 14, 14 ],
      "stddev" : 0.0
    },
    "vm.file.descriptor.ratio.x100.window.15m" : {
      "count" : 12,
      "max" : 14,
      "mean" : 14.0,
      "min" : 14,
      "p50" : 14.0,
      "p75" : 14.0,
      "p95" : 14.0,
      "p98" : 14.0,
      "p99" : 14.0,
      "p999" : 14.0,
      "values" : [ 14, 14, 14, 14, 14, 14, 14, 14, 14, 14, 14, 14 ],
      "stddev" : 0.0
    },
    "vm.file.descriptor.ratio.x100.window.1h" : {
      "count" : 12,
      "max" : 14,
      "mean" : 14.0,
      "min" : 14,
      "p50" : 14.0,
      "p75" : 14.0,
      "p95" : 14.0,
      "p98" : 14.0,
      "p99" : 14.0,
      "p999" : 14.0,
      "values" : [ 14, 14, 14, 14, 14, 14, 14, 14, 14, 14, 14, 14 ],
      "stddev" : 0.0
    },
    "vm.file.descriptor.ratio.x100.window.5m" : {
      "count" : 12,
      "max" : 14,
      "mean" : 14.0,
      "min" : 14,
      "p50" : 14.0,
      "p75" : 14.0,
      "p95" : 14.0,
      "p98" : 14.0,
      "p99" : 14.0,
      "p999" : 14.0,
      "values" : [ 14, 14, 14, 14, 14, 14, 14, 14, 14, 14, 14, 14 ],
      "stddev" : 0.0
    },
    "vm.memory.heap.committed.history" : {
      "count" : 12,
      "max" : 186339328,
      "mean" : 1.861967662311682E8,
      "min" : 178724864,
      "p50" : 1.86339328E8,
      "p75" : 1.86339328E8,
      "p95" : 1.86339328E8,
      "p98" : 1.86339328E8,
      "p99" : 1.86339328E8,
      "p999" : 1.86339328E8,
      "values" : [ 178724864, 186339328, 186339328, 186339328, 186339328, 186339328, 186339328, 186339328, 186339328, 186339328, 186339328, 186339328 ],
      "stddev" : 1032088.9489834902
    },
    "vm.memory.heap.committed.window.15m" : {
      "count" : 12,
      "max" : 186339328,
      "mean" : 1.8570478933333334E8,
      "min" : 178724864,
      "p50" : 1.86339328E8,
      "p75" : 1.86339328E8,
      "p95" : 1.86339328E8,
      "p98" : 1.86339328E8,
      "p99" : 1.86339328E8,
      "p999" : 1.86339328E8,
      "values" : [ 178724864, 186339328, 186339328, 186339328, 186339328, 186339328, 186339328, 186339328, 186339328, 186339328, 186339328, 186339328 ],
      "stddev" : 2198106.4200673583
    },
    "vm.memory.heap.committed.window.1h" : {
      "count" : 12,
      "max" : 186339328,
      "mean" : 1.8570478933333334E8,
      "min" : 178724864,
      "p50" : 1.86339328E8,
      "p75" : 1.86339328E8,
      "p95" : 1.86339328E8,
      "p98" : 1.86339328E8,
      "p99" : 1.86339328E8,
      "p999" : 1.86339328E8,
      "values" : [ 178724864, 186339328, 186339328, 186339328, 186339328, 186339328, 186339328, 186339328, 186339328, 186339328, 186339328, 186339328 ],
      "stddev" : 2198106.4200673583
    },
    "vm.memory.heap.committed.window.5m" : {
      "count" : 12,
      "max" : 186339328,
      "mean" : 1.8570478933333334E8,
      "min" : 178724864,
      "p50" : 1.86339328E8,
      "p75" : 1.86339328E8,
      "p95" : 1.86339328E8,
      "p98" : 1.86339328E8,
      "p99" : 1.86339328E8,
      "p999" : 1.86339328E8,
      "values" : [ 178724864, 186339328, 186339328, 186339328, 186339328, 186339328, 186339328, 186339328, 186339328, 186339328, 186339328, 186339328 ],
      "stddev" : 2198106.4200673583
    },
    "vm.memory.heap.usage.x100.history" : {
      "count" : 12,
      "max" : 61,
      "mean" : 47.47191334910629,
      "min" : 38,
      "p50" : 43.0,
      "p75" : 57.0,
      "p95" : 61.0,
      "p98" : 61.0,
      "p99" : 61.0,
      "p999" : 61.0,
      "values" : [ 38, 40, 42, 43, 53, 55, 56, 57, 58, 60, 61, 61 ],
      "stddev" : 8.525275968768119
    },
    "vm.memory.heap.usage.x100.window.15m" : {
      "count" : 12,
      "max" : 61,
      "mean" : 52.0,
      "min" : 38,
      "p50" : 55.5,
      "p75" : 59.5,
      "p95" : 61.0,
      "p98" : 61.0,
      "p99" : 61.0,
      "p999" : 61.0,
      "values" : [ 38, 40, 42, 43, 53, 55, 56, 57, 58, 60, 61, 61 ],
      "stddev" : 8.707363654871767
    },
    "vm.memory.heap.usage.x100.window.1h" : {
      "count" : 12,
      "max" : 61,
      "mean" : 52.0,
      "min" : 38,
      "p50" : 55.5,
      "p75" : 59.5,
      "p95" : 61.0,
      "p98" : 61.0,
      "p99" : 61.0,
      "p999" : 61.0,
      "values" : [ 38, 40, 42, 43, 53, 55, 56, 57, 58, 60, 61, 61 ],
      "stddev" : 8.707363654871767
    },
    "vm.memory.heap.usage.x100.window.5m" : {
      "count" : 12,
      "max" : 61,
      "mean" : 52.0,
      "min" : 38,
      "p50" : 55.5,
      "p75" : 59.5,
      "p95" : 61.0,
      "p98" : 61.0,
      "p99" : 61.0,
      "p999" : 61.0,
      "values" : [ 38, 40, 42, 43, 53, 55, 56, 57, 58, 60, 61, 61 ],
      "stddev" : 8.707363654871767
    },
    "vm.memory.heap.used.history" : {
      "count" : 12,
      "max" : 127503576,
      "mean" : 9.934246574038756E7,
      "min" : 80408904,
      "p50" : 9.0174344E7,
      "p75" : 1.19066136E8,
      "p95" : 1.2648624E8,
      "p98" : 1.2648624E8,
      "p99" : 1.27503576E8,
      "p999" : 1.27503576E8,
      "values" : [ 80408904, 84128136, 87954512, 90174344, 109821480, 114737160, 116841192, 119066136, 122061672, 124363040, 126486240, 127503576 ],
      "stddev" : 1.7366922650636826E7
    },
    "vm.memory.heap.used.window.15m" : {
      "count" : 12,
      "max" : 127503576,
      "mean" : 1.08628866E8,
      "min" : 80408904,
      "p50" : 1.15789176E8,
      "p75" : 1.23787698E8,
      "p95" : 1.27503576E8,
      "p98" : 1.27503576E8,
      "p99" : 1.27503576E8,
      "p999" : 1.27503576E8,
      "values" : [ 80408904, 84128136, 87954512, 90174344, 109821480, 114737160, 116841192, 119066136, 122061672, 124363040, 126486240, 127503576 ],
      "stddev" : 1.779404343839569E7
    },
    "vm.memory.heap.used.window.1h" : {
      "count" : 12,
      "max" : 127503576,
      "mean" : 1.08628866E8,
      "min" : 80408904,
      "p50" : 1.15789176E8,
      "p75" : 1.23787698E8,
      "p95" : 1.27503576E8,
      "p98" : 1.27503576E8,
      "p99" : 1.27503576E8,
      "p999" : 1.27503576E8,
      "values" : [ 80408904, 84128136, 87954512, 90174344, 109821480, 114737160, 116841192, 119066136, 122061672, 124363040, 126486240, 127503576 ],
      "stddev" : 1.779404343839569E7
    },
    "vm.memory.heap.used.window.5m" : {
      "count" : 12,
      "max" : 127503576,
      "mean" : 1.08628866E8,
      "min" : 80408904,
      "p50" : 1.15789176E8,
      "p75" : 1.23787698E8,
      "p95" : 1.27503576E8,
      "p98" : 1.27503576E8,
      "p99" : 1.27503576E8,
      "p999" : 1.27503576E8,
      "values" : [ 80408904, 84128136, 87954512, 90174344, 109821480, 114737160, 116841192, 119066136, 122061672, 124363040, 126486240, 127503576 ],
      "stddev" : 1.779404343839569E7
    },
    "vm.memory.non-heap.committed.history" : {
      "count" : 12,
      "max" : 140640256,
      "mean" : 1.4039482746193975E8,
      "min" : 134086656,
      "p50" : 1.40640256E8,
      "p75" : 1.40640256E8,
      "p95" : 1.40640256E8,
      "p98" : 1.40640256E8,
      "p99" : 1.40640256E8,
      "p999" : 1.40640256E8,
      "values" : [ 134086656, 140312576, 140312576, 140378112, 140378112, 140378112, 140378112, 140378112, 140378112, 140640256, 140640256, 140640256 ],
      "stddev" : 881568.5266198788
    },
    "vm.memory.non-heap.committed.window.15m" : {
      "count" : 12,
      "max" : 140640256,
      "mean" : 1.3990843733333334E8,
      "min" : 134086656,
      "p50" : 1.40378112E8,
      "p75" : 1.4057472E8,
      "p95" : 1.40640256E8,
      "p98" : 1.40640256E8,
      "p99" : 1.40640256E8,
      "p999" : 1.40640256E8,
      "values" : [ 134086656, 140312576, 140312576, 140378112, 140378112, 140378112, 140378112, 140378112, 140378112, 140640256, 140640256, 140640256 ],
      "stddev" : 1837736.6379384543
    },
    "vm.memory.non-heap.committed.window.1h" : {
      "count" : 12,
      "max" : 140640256,
      "mean" : 1.3990843733333334E8,
      "min" : 134086656,
      "p50" : 1.40378112E8,
      "p75" : 1.4057472E8,
      "p95" : 1.40640256E8,
      "p98" : 1.40640256E8,
      "p99" : 1.40640256E8,
      "p999" : 1.40640256E8,
      "values" : [ 134086656, 140312576, 140312576, 140378112, 140378112, 140378112, 140378112, 140378112, 140378112, 140640256, 140640256, 140640256 ],
      "stddev" : 1837736.6379384543
    },
    "vm.memory.non-heap.committed.window.5m" : {
      "count" : 12,
      "max" : 140640256,
      "mean" : 1.3990843733333334E8,
      "min" : 134086656,
      "p50" : 1.40378112E8,
      "p75" : 1.4057472E8,
      "p95" : 1.40640256E8,
      "p98" : 1.40640256E8,
      "p99" : 1.40640256E8,
      "p999" : 1.40640256E8,
      "values" : [ 134086656, 140312576, 140312576, 140378112, 140378112, 140378112, 140378112, 140378112, 140378112, 140640256, 140640256, 140640256 ],
      "stddev" : 1837736.6379384543
    },
    "vm.memory.non-heap.usage.x100.history" : {
      "count" : 12,
      "max" : -12165202400,
      "mean" : -1.2792122715880566E10,
      "min" : -12814782400,
      "p50" : -1.28032832E10,
      "p75" : -1.27996384E10,
      "p95" : -1.27928424E10,
      "p98" : -1.27768576E10,
      "p99" : -1.21652024E10,
      "p999" : -1.21652024E10,
      "values" : [ -12814782400, -12808530400, -12808480000, -12805203200, -12803283200, -12799638400, -12799364000, -12796519200, -12793592000, -12792842400, -12776857600, -12165202400 ],
      "stddev" : 8.69068902083939E7
    },
    "vm.memory.non-heap.usage.x100.window.15m" : {
      "count" : 12,
      "max" : -12165202400,
      "mean" : -1.27470246E10,
      "min" : -12814782400,
      "p50" : -1.27995012E10,
      "p75" : -1.27930298E10,
      "p95" : -1.21652024E10,
      "p98" : -1.21652024E10,
      "p99" : -1.21652024E10,
      "p999" : -1.21652024E10,
      "values" : [ -12814782400, -12808530400, -12808480000, -12805203200, -12803283200, -12799638400, -12799364000, -12796519200, -12793592000, -12792842400, -12776857600, -12165202400 ],
      "stddev" : 1.834846643750222E8
    },
    "vm.memory.non-heap.usage.x100.window.1h" : {
      "count" : 12,
      "max" : -12165202400,
      "mean" : -1.27470246E10,
      "min" : -12814782400,
      "p50" : -1.27995012E10,
      "p75" : -1.27930298E10,
      "p95" : -1.21652024E10,
      "p98" : -1.21652024E10,
      "p99" : -1.21652024E10,
      "p999" : -1.21652024E10,
      "values" : [ -12814782400, -12808530400, -12808480000, -12805203200, -12803283200, -12799638400, -12799364000, -12796519200, -12793592000, -12792842400, -12776857600, -12165202400 ],
      "stddev" : 1.834846643750222E8
    },
    "vm.memory.non-heap.usage.x100.window.5m" : {
      "count" : 12,
      "max" : -12165202400,
      "mean" : -1.27470246E10,
      "min" : -12814782400,
      "p50" : -1.27995012E10,
      "p75" : -1.27930298E10,
      "p95" : -1.21652024E10,
      "p98" : -1.21652024E10,
      "p99" : -1.21652024E10,
      "p999" : -1.21652024E10,
      "values" : [ -12814782400, -12808530400, -12808480000, -12805203200, -12803283200, -12799638400, -12799364000, -12796519200, -12793592000, -12792842400, -12776857600, -12165202400 ],
      "stddev" : 1.834846643750222E8
    },
    "vm.memory.non-heap.used.history" : {
      "count" : 12,
      "max" : 128147824,
      "mean" : 1.2792122835704538E8,
      "min" : 121652088,
      "p50" : 1.28032832E8,
      "p75" : 1.280848E8,
      "p95" : 1.28147824E8,
      "p98" : 1.28147824E8,
      "p99" : 1.28147824E8,
      "p999" : 1.28147824E8,
      "values" : [ 121652088, 127768576, 127928424, 127935920, 127965192, 127993640, 127996384, 128032832, 128052032, 128084800, 128085304, 128147824 ],
      "stddev" : 869060.2583412555
    },
    "vm.memory.non-heap.used.window.15m" : {
      "count" : 12,
      "max" : 128147824,
      "mean" : 1.2747025133333333E8,
      "min" : 121652088,
      "p50" : 1.27995012E8,
      "p75" : 1.28076608E8,
      "p95" : 1.28147824E8,
      "p98" : 1.28147824E8,
      "p99" : 1.28147824E8,
      "p999" : 1.28147824E8,
      "values" : [ 121652088, 127768576, 127928424, 127935920, 127965192, 127993640, 127996384, 128032832, 128052032, 128084800, 128085304, 128147824 ],
      "stddev" : 1834828.194539172
    },
    "vm.memory.non-heap.used.window.1h" : {
      "count" : 12,
      "max" : 128147824,
      "mean" : 1.2747025133333333E8,
      "min" : 121652088,
      "p50" : 1.27995012E8,
      "p75" : 1.28076608E8,
      "p95" : 1.28147824E8,
      "p98" : 1.28147824E8,
      "p99" : 1.28147824E8,
      "p999" : 1.28147824E8,
      "values" : [ 121652088, 127768576, 127928424, 127935920, 127965192, 127993640, 127996384, 128032832, 128052032, 128084800, 128085304, 128147824 ],
      "stddev" : 1834828.194539172
    },
    "vm.memory.non-heap.used.window.5m" : {
      "count" : 12,
      "max" : 128147824,
      "mean" : 1.2747025133333333E8,
      "min" : 121652088,
      "p50" : 1.27995012E8,
      "p75" : 1.28076608E8,
      "p95" : 1.28147824E8,
      "p98" : 1.28147824E8,
      "p99" : 1.28147824E8,
      "p999" : 1.28147824E8,
      "values" : [ 121652088, 127768576, 127928424, 127935920, 127965192, 127993640, 127996384, 128032832, 128052032, 128084800, 128085304, 128147824 ],
      "stddev" : 1834828.194539172
    },
    "vm.memory.pools.Code-Cache.committed.history" : {
      "count" : 12,
      "max" : 21626880,
      "mean" : 2.1584257454390563E7,
      "min" : 19529728,
      "p50" : 2.162688E7,
      "p75" : 2.162688E7,
      "p95" : 2.162688E7,
      "p98" : 2.162688E7,
      "p99" : 2.162688E7,
      "p999" : 2.162688E7,
      "values" : [ 19529728, 21561344, 21561344, 21626880, 21626880, 21626880, 21626880, 21626880, 21626880, 21626880, 21626880, 21626880 ],
      "stddev" : 284158.11805990123
    },
    "vm.memory.pools.Code-Cache.committed.window.15m" : {
      "count" : 12,
      "max" : 21626880,
      "mean" : 2.1441194666666668E7,
      "min" : 19529728,
      "p50" : 2.162688E7,
      "p75" : 2.162688E7,
      "p95" : 2.162688E7,
      "p98" : 2.162688E7,
      "p99" : 2.162688E7,
      "p999" : 2.162688E7,
      "values" : [ 19529728, 21561344, 21561344, 21626880, 21626880, 21626880, 21626880, 21626880, 21626880, 21626880, 21626880, 21626880 ],
      "stddev" : 602486.3581642831
    },
    "vm.memory.pools.Code-Cache.committed.window.1h" : {
      "count" : 12,
      "max" : 21626880,
      "mean" : 2.1441194666666668E7,
      "min" : 19529728,
      "p50" : 2.162688E7,
      "p75" : 2.162688E7,
      "p95" : 2.162688E7,
      "p98" : 2.162688E7,
      "p99" : 2.162688E7,
      "p999" : 2.162688E7,
      "values" : [ 19529728, 21561344, 21561344, 21626880, 21626880, 21626880, 21626880, 21626880, 21626880, 21626880, 21626880, 21626880 ],
      "stddev" : 602486.3581642831
    },
    "vm.memory.pools.Code-Cache.committed.window.5m" : {
      "count" : 12,
      "max" : 21626880,
      "mean" : 2.1441194666666668E7,
      "min" : 19529728,
      "p50" : 2.162688E7,
      "p75" : 2.162688E7,
      "p95" : 2.162688E7,
      "p98" : 2.162688E7,
      "p99" : 2.162688E7,
      "p999" : 2.162688E7,
      "values" : [ 19529728, 21561344, 21561344, 21626880, 21626880, 21626880, 21626880, 21626880, 21626880, 21626880, 21626880, 21626880 ],
      "stddev" : 602486.3581642831
    },
    "vm.memory.pools.Code-Cache.usage.x100.history" : {
      "count" : 12,
      "max" : 9,
      "mean" : 8.173336422725276,
      "min" : 8,
      "p50" : 8.0,
      "p75" : 8.0,
      "p95" : 9.0,
      "p98" : 9.0,
      "p99" : 9.0,
      "p999" : 9.0,
      "values" : [ 8, 8, 8, 8, 8, 8, 8, 8, 8, 8, 9, 9 ],
      "stddev" : 0.3785378544902483
    },
    "vm.memory.pools.Code-Cache.usage.x100.window.15m" : {
      "count" : 12,
      "max" : 9,
      "mean" : 8.166666666666666,
      "min" : 8,
      "p50" : 8.0,
      "p75" : 8.0,
      "p95" : 9.0,
      "p98" : 9.0,
      "p99" : 9.0,
      "p999" : 9.0,
      "values" : [ 8, 8, 8, 8, 8, 8, 8, 8, 8, 8, 9, 9 ],
      "stddev" : 0.38924947208076144
    },
    "vm.memory.pools.Code-Cache.usage.x100.window.1h" : {
      "count" : 12,
      "max" : 9,
      "mean" : 8.166666666666666,
      "min" : 8,
      "p50" : 8.0,
      "p75" : 8.0,
      "p95" : 9.0,
      "p98" : 9.0,
      "p99" : 9.0,
      "p999" : 9.0,
      "values" : [ 8, 8, 8, 8, 8, 8, 8, 8, 8, 8, 9, 9 ],
      "stddev" : 0.38924947208076144
    },
    "vm.memory.pools.Code-Cache.usage.x100.window.5m" : {
      "count" : 12,
      "max" : 9,
      "mean" : 8.166666666666666,
      "min" : 8,
      "p50" : 8.0,
      "p75" : 8.0,
      "p95" : 9.0,
      "p98" : 9.0,
      "p99" : 9.0,
      "p999" : 9.0,
      "values" : [ 8, 8, 8, 8, 8, 8, 8, 8, 8, 8, 9, 9 ],
      "stddev" : 0.38924947208076144
    },
    "vm.memory.pools.Code-Cache.used.history" : {
      "count" : 12,
      "max" : 21456896,
      "mean" : 2.1294112750385355E7,
      "min" : 19162304,
      "p50" : 2.1324672E7,
      "p75" : 2.1381056E7,
      "p95" : 2.1424512E7,
      "p98" : 2.1456896E7,
      "p99" : 2.1456896E7,
      "p999" : 2.1456896E7,
      "values" : [ 19162304, 21261504, 21283136, 21291008, 21316864, 21324672, 21335744, 21355136, 21357696, 21381056, 21424512, 21456896 ],
      "stddev" : 300017.69584838673
    },
    "vm.memory.pools.Code-Cache.used.window.15m" : {
      "count" : 12,
      "max" : 21456896,
      "mean" : 2.1162544E7,
      "min" : 19162304,
      "p50" : 2.1330208E7,
      "p75" : 2.1375216E7,
      "p95" : 2.1456896E7,
      "p98" : 2.1456896E7,
      "p99" : 2.1456896E7,
      "p999" : 2.1456896E7,
      "values" : [ 19162304, 21261504, 21283136, 21291008, 21316864, 21324672, 21335744, 21355136, 21357696, 21381056, 21424512, 21456896 ],
      "stddev" : 632462.0555189637
    },
    "vm.memory.pools.Code-Cache.used.window.1h" : {
      "count" : 12,
      "max" : 21456896,
      "mean" : 2.1162544E7,
      "min" : 19162304,
      "p50" : 2.1330208E7,
      "p75" : 2.1375216E7,
      "p95" : 2.1456896E7,
      "p98" : 2.1456896E7,
      "p99" : 2.1456896E7,
      "p999" : 2.1456896E7,
      "values" : [ 19162304, 21261504, 21283136, 21291008, 21316864, 21324672, 21335744, 21355136, 21357696, 21381056, 21424512, 21456896 ],
      "stddev" : 632462.0555189637
    },
    "vm.memory.pools.Code-Cache.used.window.5m" : {
      "count" : 12,
      "max" : 21456896,
      "mean" : 2.1162544E7,
      "min" : 19162304,
      "p50" : 2.1330208E7,
      "p75" : 2.1375216E7,
      "p95" : 2.1456896E7,
      "p98" : 2.1456896E7,
      "p99" : 2.1456896E7,
      "p999" : 2.1456896E7,
      "values" : [ 19162304, 21261504, 21283136, 21291008, 21316864, 21324672, 21335744, 21355136, 21357696, 21381056, 21424512, 21456896 ],
      "stddev" : 632462.0555189637
    },
    "vm.memory.pools.Compressed-Class-Space.committed.history" : {
      "count" : 12,
      "max" : 13500416,
      "mean" : 1.3490600020220293E7,
      "min" : 12976128,
      "p50" : 1.3500416E7,
      "p75" : 1.3500416E7,
      "p95" : 1.3500416E7,
      "p98" : 1.3500416E7,
      "p99" : 1.3500416E7,
      "p999" : 1.3500416E7,
      "values" : [ 12976128, 13500416, 13500416, 13500416, 13500416, 13500416, 13500416, 13500416, 13500416, 13500416, 13500416, 13500416 ],
      "stddev" : 71063.68233990681
    },
    "vm.memory.pools.Compressed-Class-Space.committed.window.15m" : {
      "count" : 12,
      "max" : 13500416,
      "mean" : 1.3456725333333334E7,
      "min" : 12976128,
      "p50" : 1.3500416E7,
      "p75" : 1.3500416E7,
      "p95" : 1.3500416E7,
      "p98" : 1.3500416E7,
      "p99" : 1.3500416E7,
      "p999" : 1.3500416E7,
      "values" : [ 12976128, 13500416, 13500416, 13500416, 13500416, 13500416, 13500416, 13500416, 13500416, 13500416, 13500416, 13500416 ],
      "stddev" : 151348.9089664452
    },
    "vm.memory.pools.Compressed-Class-Space.committed.window.1h" : {
      "count" : 12,
      "max" : 13500416,
      "mean" : 1.3456725333333334E7,
      "min" : 12976128,
      "p50" : 1.3500416E7,
      "p75" : 1.3500416E7,
      "p95" : 1.3500416E7,
      "p98" : 1.3500416E7,
      "p99" : 1.3500416E7,
      "p999" : 1.3500416E7,
      "values" : [ 12976128, 13500416, 13500416, 13500416, 13500416, 13500416, 13500416, 13500416, 13500416, 13500416, 13500416, 13500416 ],
      "stddev" : 151348.9089664452
    },
    "vm.memory.pools.Compressed-Class-Space.committed.window.5m" : {
      "count" : 12,
      "max" : 13500416,
      "mean" : 1.3456725333333334E7,
      "min" : 12976128,
      "p50" : 1.3500416E7,
      "p75" : 1.3500416E7,
      "p95" : 1.3500416E7,
      "p98" : 1.3500416E7,
      "p99" : 1.3500416E7,
      "p999" : 1.3500416E7,
      "values" : [ 12976128, 13500416, 13500416, 13500416, 13500416, 13500416, 13500416, 13500416, 13500416, 13500416, 13500416, 13500416 ],
      "stddev" : 151348.9089664452
    },
    "vm.memory.pools.Compressed-Class-Space.usage.x100.history" : {
      "count" : 12,
      "max" : 1,
      "mean" : 1.0000000000000002,
      "min" : 1,
      "p50" : 1.0,
      "p75" : 1.0,
      "p95" : 1.0,
      "p98" : 1.0,
      "p99" : 1.0,
      "p999" : 1.0,
      "values" : [ 1, 1, 1, 1, 1, 1, 1, 1, 1, 1, 1, 1 ],
      "stddev" : 2.220446049250313E-16
    },
    "vm.memory.pools.Compressed-Class-Space.usage.x100.window.15m" : {
      "count" : 12,
      "max" : 1,
      "mean" : 1.0,
      "min" : 1,
      "p50" : 1.0,
      "p75" : 1.0,
      "p95" : 1.0,
      "p98" : 1.0,
      "p99" : 1.0,
      "p999" : 1.0,
      "values" : [ 1, 1, 1, 1, 1, 1, 1, 1, 1, 1, 1, 1 ],
      "stddev" : 0.0
    },
    "vm.memory.pools.Compressed-Class-Space.usage.x100.window.1h" : {
      "count" : 12,
      "max" : 1,
      "mean" : 1.0,
      "min" : 1,
      "p50" : 1.0,
      "p75" : 1.0,
      "p95" : 1.0,
      "p98" : 1.0,
      "p99" : 1.0,
      "p999" : 1.0,
      "values" : [ 1, 1, 1, 1, 1, 1, 1, 1, 1, 1, 1, 1 ],
      "stddev" : 0.0
    },
    "vm.memory.pools.Compressed-Class-Space.usage.x100.window.5m" : {
      "count" : 12,
      "max" : 1,
      "mean" : 1.0,
      "min" : 1,
      "p50" : 1.0,
      "p75" : 1.0,
      "p95" : 1.0,
      "p98" : 1.0,
      "p99" : 1.0,
      "p999" : 1.0,
      "values" : [ 1, 1, 1, 1, 1, 1, 1, 1, 1, 1, 1, 1 ],
      "stddev" : 0.0
    },
    "vm.memory.pools.Compressed-Class-Space.used.history" : {
      "count" : 12,
      "max" : 11007592,
      "mean" : 1.0994546331582544E7,
      "min" : 10563656,
      "p50" : 1.10032E7,
      "p75" : 1.1007592E7,
      "p95" : 1.1007592E7,
      "p98" : 1.1007592E7,
      "p99" : 1.1007592E7,
      "p999" : 1.1007592E7,
      "values" : [ 10563656, 10986872, 10994912, 10994912, 10994912, 10998968, 10998968, 10999528, 11003200, 11003200, 11007592, 11007592 ],
      "stddev" : 59722.31673373318
    },
    "vm.memory.pools.Compressed-Class-Space.used.window.15m" : {
      "count" : 12,
      "max" : 11007592,
      "mean" : 1.0962859333333334E7,
      "min" : 10563656,
      "p50" : 1.0998968E7,
      "p75" : 1.10032E7,
      "p95" : 1.1007592E7,
      "p98" : 1.1007592E7,
      "p99" : 1.1007592E7,
      "p999" : 1.1007592E7,
      "values" : [ 10563656, 10986872, 10994912, 10994912, 10994912, 10998968, 10998968, 10999528, 11003200, 11003200, 11007592, 11007592 ],
      "stddev" : 125853.83089725615
    },
    "vm.memory.pools.Compressed-Class-Space.used.window.1h" : {
      "count" : 12,
      "max" : 11007592,
      "mean" : 1.0962859333333334E7,
      "min" : 10563656,
      "p50" : 1.0998968E7,
      "p75" : 1.10032E7,
      "p95" : 1.1007592E7,
      "p98" : 1.1007592E7,
      "p99" : 1.1007592E7,
      "p999" : 1.1007592E7,
      "values" : [ 10563656, 10986872, 10994912, 10994912, 10994912, 10998968, 10998968, 10999528, 11003200, 11003200, 11007592, 11007592 ],
      "stddev" : 125853.83089725615
    },
    "vm.memory.pools.Compressed-Class-Space.used.window.5m" : {
      "count" : 12,
      "max" : 11007592,
      "mean" : 1.0962859333333334E7,
      "min" : 10563656,
      "p50" : 1.0998968E7,
      "p75" : 1.10032E7,
      "p95" : 1.1007592E7,
      "p98" : 1.1007592E7,
      "p99" : 1.1007592E7,
      "p999" : 1.1007592E7,
      "values" : [ 10563656, 10986872, 10994912, 10994912, 10994912, 10998968, 10998968, 10999528, 11003200, 11003200, 11007592, 11007592 ],
      "stddev" : 125853.83089725615
    },
    "vm.memory.pools.Eden-Space.committed.history" : {
      "count" : 12,
      "max" : 51511296,
      "mean" : 5.147203208088118E7,
      "min" : 49414144,
      "p50" : 5.1511296E7,
      "p75" : 5.1511296E7,
      "p95" : 5.1511296E7,
      "p98" : 5.1511296E7,
      "p99" : 5.1511296E7,
      "p999" : 5.1511296E7,
      "values" : [ 49414144, 51511296, 51511296, 51511296, 51511296, 51511296, 51511296, 51511296, 51511296, 51511296, 51511296, 51511296 ],
      "stddev" : 284254.72935962724
    },
    "vm.memory.pools.Eden-Space.committed.window.15m" : {
      "count" : 12,
      "max" : 51511296,
      "mean" : 5.1336533333333336E7,
      "min" : 49414144,
      "p50" : 5.1511296E7,
      "p75" : 5.1511296E7,
      "p95" : 5.1511296E7,
      "p98" : 5.1511296E7,
      "p99" : 5.1511296E7,
      "p999" : 5.1511296E7,
      "values" : [ 49414144, 51511296, 51511296, 51511296, 51511296, 51511296, 51511296, 51511296, 51511296, 51511296, 51511296, 51511296 ],
      "stddev" : 605395.6358657808
    },
    "vm.memory.pools.Eden-Space.committed.window.1h" : {
      "count" : 12,
      "max" : 51511296,
      "mean" : 5.1336533333333336E7,
      "min" : 49414144,
      "p50" : 5.1511296E7,
      "p75" : 5.1511296E7,
      "p95" : 5.1511296E7,
      "p98" : 5.1511296E7,
      "p99" : 5.1511296E7,
      "p999" : 5.1511296E7,
      "values" : [ 49414144, 51511296, 51511296, 51511296, 51511296, 51511296, 51511296, 51511296, 51511296, 51511296, 51511296, 51511296 ],
      "stddev" : 605395.6358657808
    },
    "vm.memory.pools.Eden-Space.committed.window.5m" : {
      "count" : 12,
      "max" : 51511296,
      "mean" : 5.1336533333333336E7,
      "min" : 49414144,
      "p50" : 5.1511296E7,
      "p75" : 5.1511296E7,
      "p95" : 5.1511296E7,
      "p98" : 5.1511296E7,
      "p99" : 5.1511296E7,
      "p999" : 5.1511296E7,
      "values" : [ 49414144, 51511296, 51511296, 51511296, 51511296, 51511296, 51511296, 51511296, 51511296, 51511296, 51511296, 51511296 ],
      "stddev" : 605395.6358657808
    },
    "vm.memory.pools.Eden-Space.usage.x100.history" : {
      "count" : 12,
      "max" : 86,
      "mean" : 35.560424624041104,
      "min" : 2,
      "p50" : 19.0,
      "p75" : 73.0,
      "p95" : 86.0,
      "p98" : 86.0,
      "p99" : 86.0,
      "p999" : 86.0,
      "values" : [ 2, 9, 15, 19, 47, 57, 65, 69, 73, 78, 82, 86 ],
      "stddev" : 31.118879129062762
    },
    "vm.memory.pools.Eden-Space.usage.x100.window.15m" : {
      "count" : 12,
      "max" : 86,
      "mean" : 50.166666666666664,
      "min" : 2,
      "p50" : 61.0,
      "p75" : 76.75,
      "p95" : 86.0,
      "p98" : 86.0,
      "p99" : 86.0,
      "p999" : 86.0,
      "values" : [ 2, 9, 15, 19, 47, 57, 65, 69, 73, 78, 82, 86 ],
      "stddev" : 30.81862876229049
    },
    "vm.memory.pools.Eden-Space.usage.x100.window.1h" : {
      "count" : 12,
      "max" : 86,
      "mean" : 50.166666666666664,
      "min" : 2,
      "p50" : 61.0,
      "p75" : 76.75,
      "p95" : 86.0,
      "p98" : 86.0,
      "p99" : 86.0,
      "p999" : 86.0,
      "values" : [ 2, 9, 15, 19, 47, 57, 65, 69, 73, 78, 82, 86 ],
      "stddev" : 30.81862876229049
    },
    "vm.memory.pools.Eden-Space.usage.x100.window.5m" : {
      "count" : 12,
      "max" : 86,
      "mean" : 50.166666666666664,
      "min" : 2,
      "p50" : 61.0,
      "p75" : 76.75,
      "p95" : 86.0,
      "p98" : 86.0,
      "p99" : 86.0,
      "p999" : 86.0,
      "values" : [ 2, 9, 15, 19, 47, 57, 65, 69, 73, 78, 82, 86 ],
      "stddev" : 30.81862876229049
    },
    "vm.memory.pools.Eden-Space.used.history" : {
      "count" : 12,
      "max" : 49454808,
      "mean" : 2.0556836995706145E7,
      "min" : 1307904,
      "p50" : 1.1093792E7,
      "p75" : 4.2023624E7,
      "p95" : 4.9454808E7,
      "p98" : 4.9454808E7,
      "p99" : 4.9454808E7,
      "p999" : 4.9454808E7,
      "values" : [ 1307904, 5027136, 8853512, 11093792, 26835696, 32809824, 37694648, 39804256, 42023624, 45019160, 47345880, 49454808 ],
      "stddev" : 1.7896593246450238E7
    },
    "vm.memory.pools.Eden-Space.used.window.15m" : {
      "count" : 12,
      "max" : 49454808,
      "mean" : 2.8939186666666668E7,
      "min" : 1307904,
      "p50" : 3.5252236E7,
      "p75" : 4.4270276E7,
      "p95" : 4.9454808E7,
      "p98" : 4.9454808E7,
      "p99" : 4.9454808E7,
      "p999" : 4.9454808E7,
      "values" : [ 1307904, 5027136, 8853512, 11093792, 26835696, 32809824, 37694648, 39804256, 42023624, 45019160, 47345880, 49454808 ],
      "stddev" : 1.773734080852149E7
    },
    "vm.memory.pools.Eden-Space.used.window.1h" : {
      "count" : 12,
      "max" : 49454808,
      "mean" : 2.8939186666666668E7,
      "min" : 1307904,
      "p50" : 3.5252236E7,
      "p75" : 4.4270276E7,
      "p95" : 4.9454808E7,
      "p98" : 4.9454808E7,
      "p99" : 4.9454808E7,
      "p999" : 4.9454808E7,
      "values" : [ 1307904, 5027136, 8853512, 11093792, 26835696, 32809824, 37694648, 39804256, 42023624, 45019160, 47345880, 49454808 ],
      "stddev" : 1.773734080852149E7
    },
    "vm.memory.pools.Eden-Space.used.window.5m" : {
      "count" : 12,
      "max" : 49454808,
      "mean" : 2.8939186666666668E7,
      "min" : 1307904,
      "p50" : 3.5252236E7,
      "p75" : 4.4270276E7,
      "p95" : 4.9454808E7,
      "p98" : 4.9454808E7,
      "p99" : 4.9454808E7,
      "p999" : 4.9454808E7,
      "values" : [ 1307904, 5027136, 8853512, 11093792, 26835696, 32809824, 37694648, 39804256, 42023624, 45019160, 47345880, 49454808 ],
      "stddev" : 1.773734080852149E7
    },
    "vm.memory.pools.Metaspace.committed.history" : {
      "count" : 12,
      "max" : 105512960,
      "mean" : 1.0531996998732893E8,
      "min" : 101580800,
      "p50" : 1.0551296E8,
      "p75" : 1.0551296E8,
      "p95" : 1.0551296E8,
      "p98" : 1.0551296E8,
      "p99" : 1.0551296E8,
      "p999" : 1.0551296E8,
      "values" : [ 101580800, 105250816, 105250816, 105250816, 105250816, 105250816, 105250816, 105250816, 105250816, 105512960, 105512960, 105512960 ],
      "stddev" : 532477.2767403895
    },
    "vm.memory.pools.Metaspace.committed.window.15m" : {
      "count" : 12,
      "max" : 105512960,
      "mean" : 1.0501051733333333E8,
      "min" : 101580800,
      "p50" : 1.05250816E8,
      "p75" : 1.05447424E8,
      "p95" : 1.0551296E8,
      "p98" : 1.0551296E8,
      "p99" : 1.0551296E8,
      "p999" : 1.0551296E8,
      "values" : [ 101580800, 105250816, 105250816, 105250816, 105250816, 105250816, 105250816, 105250816, 105250816, 105512960, 105512960, 105512960 ],
      "stddev" : 1086372.3821651351
    },
    "vm.memory.pools.Metaspace.committed.window.1h" : {
      "count" : 12,
      "max" : 105512960,
      "mean" : 1.0501051733333333E8,
      "min" : 101580800,
      "p50" : 1.05250816E8,
      "p75" : 1.05447424E8,
      "p95" : 1.0551296E8,
      "p98" : 1.0551296E8,
      "p99" : 1.0551296E8,
      "p999" : 1.0551296E8,
      "values" : [ 101580800, 105250816, 105250816, 105250816, 105250816, 105250816, 105250816, 105250816, 105250816, 105512960, 105512960, 105512960 ],
      "stddev" : 1086372.3821651351
    },
    "vm.memory.pools.Metaspace.committed.window.5m" : {
      "count" : 12,
      "max" : 105512960,
      "mean" : 1.0501051733333333E8,
      "min" : 101580800,
      "p50" : 1.05250816E8,
      "p75" : 1.05447424E8,
      "p95" : 1.0551296E8,
      "p98" : 1.0551296E8,
      "p99" : 1.0551296E8,
      "p999" : 1.0551296E8,
      "values" : [ 101580800, 105250816, 105250816, 105250816, 105250816, 105250816, 105250816, 105250816, 105250816, 105512960, 105512960, 105512960 ],
      "stddev" : 1086372.3821651351
    },
    "vm.memory.pools.Metaspace.usage.x100.history" : {
      "count" : 12,
      "max" : 91,
      "mean" : 90.98127750438749,
      "min" : 90,
      "p50" : 91.0,
      "p75" : 91.0,
      "p95" : 91.0,
      "p98" : 91.0,
      "p99" : 91.0,
      "p999" : 91.0,
      "values" : [ 90, 91, 91, 91, 91, 91, 91, 91, 91, 91, 91, 91 ],
      "stddev" : 0.13554321735364303
    },
    "vm.memory.pools.Metaspace.usage.x100.window.15m" : {
      "count" : 12,
      "max" : 91,
      "mean" : 90.91666666666667,
      "min" : 90,
      "p50" : 91.0,
      "p75" : 91.0,
      "p95" : 91.0,
      "p98" : 91.0,
      "p99" : 91.0,
      "p999" : 91.0,
      "values" : [ 90, 91, 91, 91, 91, 91, 91, 91, 91, 91, 91, 91 ],
      "stddev" : 0.28867513459481287
    },
    "vm.memory.pools.Metaspace.usage.x100.window.1h" : {
      "count" : 12,
      "max" : 91,
      "mean" : 90.91666666666667,
      "min" : 90,
      "p50" : 91.0,
      "p75" : 91.0,
      "p95" : 91.0,
      "p98" : 91.0,
      "p99" : 91.0,
      "p999" : 91.0,
      "values" : [ 90, 91, 91, 91, 91, 91, 91, 91, 91, 91, 91, 91 ],
      "stddev" : 0.28867513459481287
    },
    "vm.memory.pools.Metaspace.usage.x100.window.5m" : {
      "count" : 12,
      "max" : 91,
      "mean" : 90.91666666666667,
      "min" : 90,
      "p50" : 91.0,
      "p75" : 91.0,
      "p95" : 91.0,
      "p98" : 91.0,
      "p99" : 91.0,
      "p999" : 91.0,
      "values" : [ 90, 91, 91, 91, 91, 91, 91, 91, 91, 91, 91, 91 ],
      "stddev" : 0.28867513459481287
    },
    "vm.memory.pools.Metaspace.used.history" : {
      "count" : 12,
      "max" : 95764024,
      "mean" : 9.563264877456664E7,
      "min" : 91926352,
      "p50" : 9.5720112E7,
      "p75" : 9.5760344E7,
      "p95" : 9.5764024E7,
      "p98" : 9.5764024E7,
      "p99" : 9.5764024E7,
      "p999" : 9.5764024E7,
      "values" : [ 91926352, 95498568, 95575816, 95600592, 95615144, 95645944, 95658928, 95672184, 95701048, 95720112, 95760344, 95764024 ],
      "stddev" : 515785.9890011132
    },
    "vm.memory.pools.Metaspace.used.window.15m" : {
      "count" : 12,
      "max" : 95764024,
      "mean" : 9.5344958E7,
      "min" : 91926352,
      "p50" : 9.5652436E7,
      "p75" : 9.5715346E7,
      "p95" : 9.5764024E7,
      "p98" : 9.5764024E7,
      "p99" : 9.5764024E7,
      "p999" : 9.5764024E7,
      "values" : [ 91926352, 95498568, 95575816, 95601032, 95615144, 95645944, 95658928, 95672184, 95701048, 95720112, 95760344, 95764024 ],
      "stddev" : 1079321.4131157512
    },
    "vm.memory.pools.Metaspace.used.window.1h" : {
      "count" : 12,
      "max" : 95764024,
      "mean" : 9.5344958E7,
      "min" : 91926352,
      "p50" : 9.5652436E7,
      "p75" : 9.5715346E7,
      "p95" : 9.5764024E7,
      "p98" : 9.5764024E7,
      "p99" : 9.5764024E7,
      "p999" : 9.5764024E7,
      "values" : [ 91926352, 95498568, 95575816, 95601032, 95615144, 95645944, 95658928, 95672184, 95701048, 95720112, 95760344, 95764024 ],
      "stddev" : 1079321.4131157512
    },
    "vm.memory.pools.Metaspace.used.window.5m" : {
      "count" : 12,
      "max" : 95764024,
      "mean" : 9.5344958E7,
      "min" : 91926352,
      "p50" : 9.5652436E7,
      "p75" : 9.5715346E7,
      "p95" : 9.5764024E7,
      "p98" : 9.5764024E7,
      "p99" : 9.5764024E7,
      "p999" : 9.5764024E7,
      "values" : [ 91926352, 95498568, 95575816, 95601032, 95615144, 95645944, 95658928, 95672184, 95701048, 95720112, 95760344, 95764024 ],
      "stddev" : 1079321.4131157512
    },
    "vm.memory.pools.Survivor-Space.committed.history" : {
      "count" : 12,
      "max" : 6422528,
      "mean" : 6417620.010110148,
      "min" : 6160384,
      "p50" : 6422528.0,
      "p75" : 6422528.0,
      "p95" : 6422528.0,
      "p98" : 6422528.0,
      "p99" : 6422528.0,
      "p999" : 6422528.0,
      "values" : [ 6160384, 6422528, 6422528, 6422528, 6422528, 6422528, 6422528, 6422528, 6422528, 6422528, 6422528, 6422528 ],
      "stddev" : 35531.8411699534
    },
    "vm.memory.pools.Survivor-Space.committed.window.15m" : {
      "count" : 12,
      "max" : 6422528,
      "mean" : 6400682.666666667,
      "min" : 6160384,
      "p50" : 6422528.0,
      "p75" : 6422528.0,
      "p95" : 6422528.0,
      "p98" : 6422528.0,
      "p99" : 6422528.0,
      "p999" : 6422528.0,
      "values" : [ 6160384, 6422528, 6422528, 6422528, 6422528, 6422528, 6422528, 6422528, 6422528, 6422528, 6422528, 6422528 ],
      "stddev" : 75674.4544832226
    },
    "vm.memory.pools.Survivor-Space.committed.window.1h" : {
      "count" : 12,
      "max" : 6422528,
      "mean" : 6400682.666666667,
      "min" : 6160384,
      "p50" : 6422528.0,
      "p75" : 6422528.0,
      "p95" : 6422528.0,
      "p98" : 6422528.0,
      "p99" : 6422528.0,
      "p999" : 6422528.0,
      "values" : [ 6160384, 6422528, 6422528, 6422528, 6422528, 6422528, 6422528, 6422528, 6422528, 6422528, 6422528, 6422528 ],
      "stddev" : 75674.4544832226
    },
    "vm.memory.pools.Survivor-Space.committed.window.5m" : {
      "count" : 12,
      "max" : 6422528,
      "mean" : 6400682.666666667,
      "min" : 6160384,
      "p50" : 6422528.0,
      "p75" : 6422528.0,
      "p95" : 6422528.0,
      "p98" : 6422528.0,
      "p99" : 6422528.0,
      "p999" : 6422528.0,
      "values" : [ 6160384, 6422528, 6422528, 6422528, 6422528, 6422528, 6422528, 6422528, 6422528, 6422528, 6422528, 6422528 ],
      "stddev" : 75674.4544832226
    },
    "vm.memory.pools.Survivor-Space.usage.x100.history" : {
      "count" : 12,
      "max" : 29,
      "mean" : 18.888511140852525,
      "min" : 0,
      "p50" : 29.0,
      "p75" : 29.0,
      "p95" : 29.0,
      "p98" : 29.0,
      "p99" : 29.0,
      "p999" : 29.0,
      "values" : [ 0, 0, 0, 0, 0, 0, 0, 24, 29, 29, 29, 29 ],
      "stddev" : 13.738423144346251
    },
    "vm.memory.pools.Survivor-Space.usage.x100.window.15m" : {
      "count" : 12,
      "max" : 29,
      "mean" : 11.666666666666666,
      "min" : 0,
      "p50" : 0.0,
      "p75" : 29.0,
      "p95" : 29.0,
      "p98" : 29.0,
      "p99" : 29.0,
      "p999" : 29.0,
      "values" : [ 0, 0, 0, 0, 0, 0, 0, 24, 29, 29, 29, 29 ],
      "stddev" : 14.480917432848297
    },
    "vm.memory.pools.Survivor-Space.usage.x100.window.1h" : {
      "count" : 12,
      "max" : 29,
      "mean" : 11.666666666666666,
      "min" : 0,
      "p50" : 0.0,
      "p75" : 29.0,
      "p95" : 29.0,
      "p98" : 29.0,
      "p99" : 29.0,
      "p999" : 29.0,
      "values" : [ 0, 0, 0, 0, 0, 0, 0, 24, 29, 29, 29, 29 ],
      "stddev" : 14.480917432848297
    },
    "vm.memory.pools.Survivor-Space.usage.x100.window.5m" : {
      "count" : 12,
      "max" : 29,
      "mean" : 11.666666666666666,
      "min" : 0,
      "p50" : 0.0,
      "p75" : 29.0,
      "p95" : 29.0,
      "p98" : 29.0,
      "p99" : 29.0,
      "p999" : 29.0,
      "values" : [ 0, 0, 0, 0, 0, 0, 0, 24, 29, 29, 29, 29 ],
      "stddev" : 14.480917432848297
    },
    "vm.memory.pools.Survivor-Space.used.history" : {
      "count" : 12,
      "max" : 2058488,
      "mean" : 1341141.881403226,
      "min" : 0,
      "p50" : 2058488.0,
      "p75" : 2058488.0,
      "p95" : 2058488.0,
      "p98" : 2058488.0,
      "p99" : 2058488.0,
      "p999" : 2058488.0,
      "values" : [ 0, 0, 0, 0, 0, 0, 0, 1724464, 2058488, 2058488, 2058488, 2058488 ],
      "stddev" : 975335.0881469391
    },
    "vm.memory.pools.Survivor-Space.used.window.15m" : {
      "count" : 12,
      "max" : 2058488,
      "mean" : 829868.0,
      "min" : 0,
      "p50" : 0.0,
      "p75" : 2058488.0,
      "p95" : 2058488.0,
      "p98" : 2058488.0,
      "p99" : 2058488.0,
      "p999" : 2058488.0,
      "values" : [ 0, 0, 0, 0, 0, 0, 0, 1724464, 2058488, 2058488, 2058488, 2058488 ],
      "stddev" : 1029523.1333346874
    },
    "vm.memory.pools.Survivor-Space.used.window.1h" : {
      "count" : 12,
      "max" : 2058488,
      "mean" : 829868.0,
      "min" : 0,
      "p50" : 0.0,
      "p75" : 2058488.0,
      "p95" : 2058488.0,
      "p98" : 2058488.0,
      "p99" : 2058488.0,
      "p999" : 2058488.0,
      "values" : [ 0, 0, 0, 0, 0, 0, 0, 1724464, 2058488, 2058488, 2058488, 2058488 ],
      "stddev" : 1029523.1333346874
    },
    "vm.memory.pools.Survivor-Space.used.window.5m" : {
      "count" : 12,
      "max" : 2058488,
      "mean" : 829868.0,
      "min" : 0,
      "p50" : 0.0,
      "p75" : 2058488.0,
      "p95" : 2058488.0,
      "p98" : 2058488.0,
      "p99" : 2058488.0,
      "p999" : 2058488.0,
      "values" : [ 0, 0, 0, 0, 0, 0, 0, 1724464, 2058488, 2058488, 2058488, 2058488 ],
      "stddev" : 1029523.1333346874
    },
    "vm.memory.pools.Tenured-Gen.committed.history" : {
      "count" : 12,
      "max" : 128405504,
      "mean" : 1.2830711414017683E8,
      "min" : 123150336,
      "p50" : 1.28405504E8,
      "p75" : 1.28405504E8,
      "p95" : 1.28405504E8,
      "p98" : 1.28405504E8,
      "p99" : 1.28405504E8,
      "p999" : 1.28405504E8,
      "values" : [ 123150336, 128405504, 128405504, 128405504, 128405504, 128405504, 128405504, 128405504, 128405504, 128405504, 128405504, 128405504 ],
      "stddev" : 712302.3784539094
    },
    "vm.memory.pools.Tenured-Gen.committed.window.15m" : {
      "count" : 12,
      "max" : 128405504,
      "mean" : 1.2796757333333333E8,
      "min" : 123150336,
      "p50" : 1.28405504E8,
      "p75" : 1.28405504E8,
      "p95" : 1.28405504E8,
      "p98" : 1.28405504E8,
      "p99" : 1.28405504E8,
      "p999" : 1.28405504E8,
      "values" : [ 123150336, 128405504, 128405504, 128405504, 128405504, 128405504, 128405504, 128405504, 128405504, 128405504, 128405504, 128405504 ],
      "stddev" : 1517036.3297183544
    },
    "vm.memory.pools.Tenured-Gen.committed.window.1h" : {
      "count" : 12,
      "max" : 128405504,
      "mean" : 1.2796757333333333E8,
      "min" : 123150336,
      "p50" : 1.28405504E8,
      "p75" : 1.28405504E8,
      "p95" : 1.28405504E8,
      "p98" : 1.28405504E8,
      "p99" : 1.28405504E8,
      "p999" : 1.28405504E8,
      "values" : [ 123150336, 128405504, 128405504, 128405504, 128405504, 128405504, 128405504, 128405504, 128405504, 128405504, 128405504, 128405504 ],
      "stddev" : 1517036.3297183544
    },
    "vm.memory.pools.Tenured-Gen.committed.window.5m" : {
      "count" : 12,
      "max" : 128405504,
      "mean" : 1.2796757333333333E8,
      "min" : 123150336,
      "p50" : 1.28405504E8,
      "p75" : 1.28405504E8,
      "p95" : 1.28405504E8,
      "p98" : 1.28405504E8,
      "p99" : 1.28405504E8,
      "p999" : 1.28405504E8,
      "values" : [ 123150336, 128405504, 128405504, 128405504, 128405504, 128405504, 128405504, 128405504, 128405504, 128405504, 128405504, 128405504 ],
      "stddev" : 1517036.3297183544
    },
    "vm.memory.pools.Tenured-Gen.usage.x100.history" : {
      "count" : 12,
      "max" : 69,
      "mean" : 53.29955992980061,
      "min" : 53,
      "p50" : 53.0,
      "p75" : 53.0,
      "p95" : 53.0,
      "p98" : 53.0,
      "p99" : 69.0,
      "p999" : 69.0,
      "values" : [ 53, 53, 53, 53, 53, 53, 53, 53, 53, 53, 53, 69 ],
      "stddev" : 2.1686914776582884
    },
    "vm.memory.pools.Tenured-Gen.usage.x100.window.15m" : {
      "count" : 12,
      "max" : 69,
      "mean" : 54.333333333333336,
      "min" : 53,
      "p50" : 53.0,
      "p75" : 53.0,
      "p95" : 69.0,
      "p98" : 69.0,
      "p99" : 69.0,
      "p999" : 69.0,
      "values" : [ 53, 53, 53, 53, 53, 53, 53, 53, 53, 53, 53, 69 ],
      "stddev" : 4.618802153517006
    },
    "vm.memory.pools.Tenured-Gen.usage.x100.window.1h" : {
      "count" : 12,
      "max" : 69,
      "mean" : 54.333333333333336,
      "min" : 53,
      "p50" : 53.0,
      "p75" : 53.0,
      "p95" : 69.0,
      "p98" : 69.0,
      "p99" : 69.0,
      "p999" : 69.0,
      "values" : [ 53, 53, 53, 53, 53, 53, 53, 53, 53, 53, 53, 69 ],
      "stddev" : 4.618802153517006
    },
    "vm.memory.pools.Tenured-Gen.usage.x100.window.5m" : {
      "count" : 12,
      "max" : 69,
      "mean" : 54.333333333333336,
      "min" : 53,
      "p50" : 53.0,
      "p75" : 53.0,
      "p95" : 69.0,
      "p98" : 69.0,
      "p99" : 69.0,
      "p999" : 69.0,
      "values" : [ 53, 53, 53, 53, 53, 53, 53, 53, 53, 53, 53, 69 ],
      "stddev" : 4.618802153517006
    },
    "vm.memory.pools.Tenured-Gen.used.history" : {
      "count" : 12,
      "max" : 98943416,
      "mean" : 7.745255157905063E7,
      "min" : 77042512,
      "p50" : 7.7042512E7,
      "p75" : 7.7042512E7,
      "p95" : 7.7042512E7,
      "p98" : 7.7042512E7,
      "p99" : 9.8943416E7,
      "p999" : 9.8943416E7,
      "values" : [ 77042512, 77042512, 77042512, 77042512, 77042512, 77042512, 77042512, 77042512, 77042512, 77042512, 77042512, 98943416 ],
      "stddev" : 2968518.99111327
    },
    "vm.memory.pools.Tenured-Gen.used.window.15m" : {
      "count" : 12,
      "max" : 98943416,
      "mean" : 7.886758733333333E7,
      "min" : 77042512,
      "p50" : 7.7042512E7,
      "p75" : 7.7042512E7,
      "p95" : 9.8943416E7,
      "p98" : 9.8943416E7,
      "p99" : 9.8943416E7,
      "p999" : 9.8943416E7,
      "values" : [ 77042512, 77042512, 77042512, 77042512, 77042512, 77042512, 77042512, 77042512, 77042512, 77042512, 77042512, 98943416 ],
      "stddev" : 6322246.409948076
    },
    "vm.memory.pools.Tenured-Gen.used.window.1h" : {
      "count" : 12,
      "max" : 98943416,
      "mean" : 7.886758733333333E7,
      "min" : 77042512,
      "p50" : 7.7042512E7,
      "p75" : 7.7042512E7,
      "p95" : 9.8943416E7,
      "p98" : 9.8943416E7,
      "p99" : 9.8943416E7,
      "p999" : 9.8943416E7,
      "values" : [ 77042512, 77042512, 77042512, 77042512, 77042512, 77042512, 77042512, 77042512, 77042512, 77042512, 77042512, 98943416 ],
      "stddev" : 6322246.409948076
    },
    "vm.memory.pools.Tenured-Gen.used.window.5m" : {
      "count" : 12,
      "max" : 98943416,
      "mean" : 7.886758733333333E7,
      "min" : 77042512,
      "p50" : 7.7042512E7,
      "p75" : 7.7042512E7,
      "p95" : 9.8943416E7,
      "p98" : 9.8943416E7,
      "p99" : 9.8943416E7,
      "p999" : 9.8943416E7,
      "values" : [ 77042512, 77042512, 77042512, 77042512, 77042512, 77042512, 77042512, 77042512, 77042512, 77042512, 77042512, 98943416 ],
      "stddev" : 6322246.409948076
    },
    "vm.memory.total.committed.history" : {
      "count" : 12,
      "max" : 326979584,
      "mean" : 3.2659159369310796E8,
      "min" : 312811520,
      "p50" : 3.26979584E8,
      "p75" : 3.26979584E8,
      "p95" : 3.26979584E8,
      "p98" : 3.26979584E8,
      "p99" : 3.26979584E8,
      "p999" : 3.26979584E8,
      "values" : [ 312811520, 326651904, 326651904, 326717440, 326717440, 326717440, 326717440, 326717440, 326717440, 326979584, 326979584, 326979584 ],
      "stddev" : 1908134.9085318432
    },
    "vm.memory.total.committed.window.15m" : {
      "count" : 12,
      "max" : 326979584,
      "mean" : 3.256132266666667E8,
      "min" : 312811520,
      "p50" : 3.2671744E8,
      "p75" : 3.26914048E8,
      "p95" : 3.26979584E8,
      "p98" : 3.26979584E8,
      "p99" : 3.26979584E8,
      "p999" : 3.26979584E8,
      "values" : [ 312811520, 326651904, 326651904, 326717440, 326717440, 326717440, 326717440, 326717440, 326717440, 326979584, 326979584, 326979584 ],
      "stddev" : 4033472.6115015745
    },
    "vm.memory.total.committed.window.1h" : {
      "count" : 12,
      "max" : 326979584,
      "mean" : 3.256132266666667E8,
      "min" : 312811520,
      "p50" : 3.2671744E8,
      "p75" : 3.26914048E8,
      "p95" : 3.26979584E8,
      "p98" : 3.26979584E8,
      "p99" : 3.26979584E8,
      "p999" : 3.26979584E8,
      "values" : [ 312811520, 326651904, 326651904, 326717440, 326717440, 326717440, 326717440, 326717440, 326717440, 326979584, 326979584, 326979584 ],
      "stddev" : 4033472.6115015745
    },
    "vm.memory.total.committed.window.5m" : {
      "count" : 12,
      "max" : 326979584,
      "mean" : 3.256132266666667E8,
      "min" : 312811520,
      "p50" : 3.2671744E8,
      "p75" : 3.26914048E8,
      "p95" : 3.26979584E8,
      "p98" : 3.26979584E8,
      "p99" : 3.26979584E8,
      "p999" : 3.26979584E8,
      "values" : [ 312811520, 326651904, 326651904, 326717440, 326717440, 326717440, 326717440, 326717440, 326717440, 326979584, 326979584, 326979584 ],
      "stddev" : 4033472.6115015745
    },
    "vm.memory.total.used.history" : {
      "count" : 12,
      "max" : 254499264,
      "mean" : 2.2727337477882814E8,
      "min" : 208494208,
      "p50" : 2.18227912E8,
      "p75" : 2.47031328E8,
      "p95" : 2.54499264E8,
      "p98" : 2.54499264E8,
      "p99" : 2.54499264E8,
      "p999" : 2.54499264E8,
      "values" : [ 208494208, 212275960, 216039312, 218227912, 237620912, 242665584, 244907488, 247031328, 249193352, 249998488, 252382032, 254499264 ],
      "stddev" : 1.714688392897986E7
    },
    "vm.memory.total.used.window.15m" : {
      "count" : 12,
      "max" : 254499264,
      "mean" : 2.3611178466666666E8,
      "min" : 208494208,
      "p50" : 2.43789324E8,
      "p75" : 2.49797204E8,
      "p95" : 2.54499264E8,
      "p98" : 2.54499264E8,
      "p99" : 2.54499264E8,
      "p999" : 2.54499264E8,
      "values" : [ 208494208, 212275960, 216039312, 218227912, 237620912, 242665584, 244913064, 247031328, 249193352, 249998488, 252382032, 254499264 ],
      "stddev" : 1.722136915789846E7
    },
    "vm.memory.total.used.window.1h" : {
      "count" : 12,
      "max" : 254499264,
      "mean" : 2.3611178466666666E8,
      "min" : 208494208,
      "p50" : 2.43789324E8,
      "p75" : 2.49797204E8,
      "p95" : 2.54499264E8,
      "p98" : 2.54499264E8,
      "p99" : 2.54499264E8,
      "p999" : 2.54499264E8,
      "values" : [ 208494208, 212275960, 216039312, 218227912, 237620912, 242665584, 244913064, 247031328, 249193352, 249998488, 252382032, 254499264 ],
      "stddev" : 1.722136915789846E7
    },
    "vm.memory.total.used.window.5m" : {
      "count" : 12,
      "max" : 254499264,
      "mean" : 2.3611178466666666E8,
      "min" : 208494208,
      "p50" : 2.43789324E8,
      "p75" : 2.49797204E8,
      "p95" : 2.54499264E8,
      "p98" : 2.54499264E8,
      "p99" : 2.54499264E8,
      "p999" : 2.54499264E8,
      "values" : [ 208494208, 212275960, 216039312, 218227912, 237620912, 242665584, 244913064, 247031328, 249193352, 249998488, 252382032, 254499264 ],
      "stddev" : 1.722136915789846E7
    }
  },
  "meters" : {
    "http.responseCodes.badRequest" : {
      "count" : 0,
      "m15_rate" : 0.0,
      "m1_rate" : 0.0,
      "m5_rate" : 0.0,
      "mean_rate" : 0.0,
      "units" : "events/minute"
    },
    "http.responseCodes.created" : {
      "count" : 0,
      "m15_rate" : 0.0,
      "m1_rate" : 0.0,
      "m5_rate" : 0.0,
      "mean_rate" : 0.0,
      "units" : "events/minute"
    },
    "http.responseCodes.forbidden" : {
      "count" : 0,
      "m15_rate" : 0.0,
      "m1_rate" : 0.0,
      "m5_rate" : 0.0,
      "mean_rate" : 0.0,
      "units" : "events/minute"
    },
    "http.responseCodes.noContent" : {
      "count" : 0,
      "m15_rate" : 0.0,
      "m1_rate" : 0.0,
      "m5_rate" : 0.0,
      "mean_rate" : 0.0,
      "units" : "events/minute"
    },
    "http.responseCodes.notFound" : {
      "count" : 0,
      "m15_rate" : 0.0,
      "m1_rate" : 0.0,
      "m5_rate" : 0.0,
      "mean_rate" : 0.0,
      "units" : "events/minute"
    },
    "http.responseCodes.notModified" : {
      "count" : 0,
      "m15_rate" : 0.0,
      "m1_rate" : 0.0,
      "m5_rate" : 0.0,
      "mean_rate" : 0.0,
      "units" : "events/minute"
    },
    "http.responseCodes.ok" : {
      "count" : 8,
      "m15_rate" : 0.4418440873703621,
      "m1_rate" : 0.4759807689625598,
      "m5_rate" : 0.9097953239794163,
      "mean_rate" : 2.1981241066362256,
      "units" : "events/minute"
    },
    "http.responseCodes.other" : {
      "count" : 0,
      "m15_rate" : 0.0,
      "m1_rate" : 0.0,
      "m5_rate" : 0.0,
      "mean_rate" : 0.0,
      "units" : "events/minute"
    },
    "http.responseCodes.serverError" : {
      "count" : 0,
      "m15_rate" : 0.0,
      "m1_rate" : 0.0,
      "m5_rate" : 0.0,
      "mean_rate" : 0.0,
      "units" : "events/minute"
    },
    "http.responseCodes.serviceUnavailable" : {
      "count" : 5,
      "m15_rate" : 9.718008512700399,
      "m1_rate" : 0.5269324959532276,
      "m5_rate" : 6.380452499255199,
      "mean_rate" : 1.3738271486196414,
      "units" : "events/minute"
    },
    "jenkins.job.scheduled" : {
      "count" : 0,
      "m15_rate" : 0.0,
      "m1_rate" : 0.0,
      "m5_rate" : 0.0,
      "mean_rate" : 0.0,
      "units" : "events/minute"
    },
    "jenkins.runs.aborted" : {
      "count" : 0,
      "m15_rate" : 0.0,
      "m1_rate" : 0.0,
      "m5_rate" : 0.0,
      "mean_rate" : 0.0,
      "units" : "events/minute"
    },
    "jenkins.runs.failure" : {
      "count" : 0,
      "m15_rate" : 0.0,
      "m1_rate" : 0.0,
      "m5_rate" : 0.0,
      "mean_rate" : 0.0,
      "units" : "events/minute"
    },
    "jenkins.runs.not_built" : {
      "count" : 0,
      "m15_rate" : 0.0,
      "m1_rate" : 0.0,
      "m5_rate" : 0.0,
      "mean_rate" : 0.0,
      "units" : "events/minute"
    },
    "jenkins.runs.success" : {
      "count" : 0,
      "m15_rate" : 0.0,
      "m1_rate" : 0.0,
      "m5_rate" : 0.0,
      "mean_rate" : 0.0,
      "units" : "events/minute"
    },
    "jenkins.runs.total" : {
      "count" : 0,
      "m15_rate" : 0.0,
      "m1_rate" : 0.0,
      "m5_rate" : 0.0,
      "mean_rate" : 0.0,
      "units" : "events/minute"
    },
    "jenkins.runs.unstable" : {
      "count" : 0,
      "m15_rate" : 0.0,
      "m1_rate" : 0.0,
      "m5_rate" : 0.0,
      "mean_rate" : 0.0,
      "units" : "events/minute"
    },
    "jenkins.task.scheduled" : {
      "count" : 0,
      "m15_rate" : 0.0,
      "m1_rate" : 0.0,
      "m5_rate" : 0.0,
      "mean_rate" : 0.0,
      "units" : "events/minute"
    },
    "totalLoggingOutputMeter" : {
      "count" : 34,
      "m15_rate" : 1.8646054670293666,
      "m1_rate" : 2.578619132219974,
      "m5_rate" : 3.80308920039321,
      "mean_rate" : 9.347822052980817,
      "units" : "events/minute"
    },
    "unrestrictedApiCallsMeter" : {
      "count" : 0,
      "m15_rate" : 0.0,
      "m1_rate" : 0.0,
      "m5_rate" : 0.0,
      "mean_rate" : 0.0,
      "units" : "events/minute"
    }
  },
  "timers" : {
    "http.requests" : {
      "count" : 13,
      "max" : 6.790305288000001,
      "mean" : 0.7474923418516637,
      "min" : 0.003316869,
      "p50" : 0.032815619000000004,
      "p75" : 0.082101032,
      "p95" : 6.790305288000001,
      "p98" : 6.790305288000001,
      "p99" : 6.790305288000001,
      "p999" : 6.790305288000001,
      "values" : [ 0.003316869, 0.0038343, 0.004571895, 0.005479224, 0.005730763000000001, 0.013266989000000002, 0.032815619000000004, 0.036616177, 0.041030009, 0.082101032, 1.508599881, 1.7151652650000002, 6.790305288000001 ],
      "stddev" : 1.7434620215203498,
      "m15_rate" : 10.159852600070762,
      "m1_rate" : 1.0029132649157875,
      "m5_rate" : 7.290247823234617,
      "mean_rate" : 3.5719870720022784,
      "duration_units" : "seconds",
      "rate_units" : "calls/minute"
    },
    "jenkins.health-check.duration" : {
      "count" : 2,
      "max" : 0.009198134,
      "mean" : 0.005440812090344524,
      "min" : 0.003913199,
      "p50" : 0.003913199,
      "p75" : 0.009198134,
      "p95" : 0.009198134,
      "p98" : 0.009198134,
      "p99" : 0.009198134,
      "p999" : 0.009198134,
      "values" : [ 0.003913199, 0.009198134 ],
      "stddev" : 0.0023957742243016127,
      "m15_rate" : 0.12104795324905061,
      "m1_rate" : 0.5247767679572299,
      "m5_rate" : 0.30030575630195333,
      "mean_rate" : 0.6064002876745177,
      "duration_units" : "seconds",
      "rate_units" : "calls/minute"
    },
    "jenkins.job.blocked.duration" : {
      "count" : 0,
      "max" : 0.0,
      "mean" : 0.0,
      "min" : 0.0,
      "p50" : 0.0,
      "p75" : 0.0,
      "p95" : 0.0,
      "p98" : 0.0,
      "p99" : 0.0,
      "p999" : 0.0,
      "values" : [ ],
      "stddev" : 0.0,
      "m15_rate" : 0.0,
      "m1_rate" : 0.0,
      "m5_rate" : 0.0,
      "mean_rate" : 0.0,
      "duration_units" : "seconds",
      "rate_units" : "calls/minute"
    },
    "jenkins.job.buildable.duration" : {
      "count" : 0,
      "max" : 0.0,
      "mean" : 0.0,
      "min" : 0.0,
      "p50" : 0.0,
      "p75" : 0.0,
      "p95" : 0.0,
      "p98" : 0.0,
      "p99" : 0.0,
      "p999" : 0.0,
      "values" : [ ],
      "stddev" : 0.0,
      "m15_rate" : 0.0,
      "m1_rate" : 0.0,
      "m5_rate" : 0.0,
      "mean_rate" : 0.0,
      "duration_units" : "seconds",
      "rate_units" : "calls/minute"
    },
    "jenkins.job.building.duration" : {
      "count" : 0,
      "max" : 0.0,
      "mean" : 0.0,
      "min" : 0.0,
      "p50" : 0.0,
      "p75" : 0.0,
      "p95" : 0.0,
      "p98" : 0.0,
      "p99" : 0.0,
      "p999" : 0.0,
      "values" : [ ],
      "stddev" : 0.0,
      "m15_rate" : 0.0,
      "m1_rate" : 0.0,
      "m5_rate" : 0.0,
      "mean_rate" : 0.0,
      "duration_units" : "seconds",
      "rate_units" : "calls/minute"
    },
    "jenkins.job.execution.time" : {
      "count" : 0,
      "max" : 0.0,
      "mean" : 0.0,
      "min" : 0.0,
      "p50" : 0.0,
      "p75" : 0.0,
      "p95" : 0.0,
      "p98" : 0.0,
      "p99" : 0.0,
      "p999" : 0.0,
      "values" : [ ],
      "stddev" : 0.0,
      "m15_rate" : 0.0,
      "m1_rate" : 0.0,
      "m5_rate" : 0.0,
      "mean_rate" : 0.0,
      "duration_units" : "seconds",
      "rate_units" : "calls/minute"
    },
    "jenkins.job.queuing.duration" : {
      "count" : 0,
      "max" : 0.0,
      "mean" : 0.0,
      "min" : 0.0,
      "p50" : 0.0,
      "p75" : 0.0,
      "p95" : 0.0,
      "p98" : 0.0,
      "p99" : 0.0,
      "p999" : 0.0,
      "values" : [ ],
      "stddev" : 0.0,
      "m15_rate" : 0.0,
      "m1_rate" : 0.0,
      "m5_rate" : 0.0,
      "mean_rate" : 0.0,
      "duration_units" : "seconds",
      "rate_units" : "calls/minute"
    },
    "jenkins.job.total.duration" : {
      "count" : 0,
      "max" : 0.0,
      "mean" : 0.0,
      "min" : 0.0,
      "p50" : 0.0,
      "p75" : 0.0,
      "p95" : 0.0,
      "p98" : 0.0,
      "p99" : 0.0,
      "p999" : 0.0,
      "values" : [ ],
      "stddev" : 0.0,
      "m15_rate" : 0.0,
      "m1_rate" : 0.0,
      "m5_rate" : 0.0,
      "mean_rate" : 0.0,
      "duration_units" : "seconds",
      "rate_units" : "calls/minute"
    },
    "jenkins.job.waiting.duration" : {
      "count" : 0,
      "max" : 0.0,
      "mean" : 0.0,
      "min" : 0.0,
      "p50" : 0.0,
      "p75" : 0.0,
      "p95" : 0.0,
      "p98" : 0.0,
      "p99" : 0.0,
      "p999" : 0.0,
      "values" : [ ],
      "stddev" : 0.0,
      "m15_rate" : 0.0,
      "m1_rate" : 0.0,
      "m5_rate" : 0.0,
      "mean_rate" : 0.0,
      "duration_units" : "seconds",
      "rate_units" : "calls/minute"
    },
    "jenkins.node.test.builds" : {
      "count" : 0,
      "max" : 0.0,
      "mean" : 0.0,
      "min" : 0.0,
      "p50" : 0.0,
      "p75" : 0.0,
      "p95" : 0.0,
      "p98" : 0.0,
      "p99" : 0.0,
      "p999" : 0.0,
      "values" : [ ],
      "stddev" : 0.0,
      "m15_rate" : 0.0,
      "m1_rate" : 0.0,
      "m5_rate" : 0.0,
      "mean_rate" : 0.0,
      "duration_units" : "seconds",
      "rate_units" : "calls/minute"
    },
    "jenkins.task.blocked.duration" : {
      "count" : 0,
      "max" : 0.0,
      "mean" : 0.0,
      "min" : 0.0,
      "p50" : 0.0,
      "p75" : 0.0,
      "p95" : 0.0,
      "p98" : 0.0,
      "p99" : 0.0,
      "p999" : 0.0,
      "values" : [ ],
      "stddev" : 0.0,
      "m15_rate" : 0.0,
      "m1_rate" : 0.0,
      "m5_rate" : 0.0,
      "mean_rate" : 0.0,
      "duration_units" : "seconds",
      "rate_units" : "calls/minute"
    },
    "jenkins.task.buildable.duration" : {
      "count" : 0,
      "max" : 0.0,
      "mean" : 0.0,
      "min" : 0.0,
      "p50" : 0.0,
      "p75" : 0.0,
      "p95" : 0.0,
      "p98" : 0.0,
      "p99" : 0.0,
      "p999" : 0.0,
      "values" : [ ],
      "stddev" : 0.0,
      "m15_rate" : 0.0,
      "m1_rate" : 0.0,
      "m5_rate" : 0.0,
      "mean_rate" : 0.0,
      "duration_units" : "seconds",
      "rate_units" : "calls/minute"
    },
    "jenkins.task.execution.duration" : {
      "count" : 0,
      "max" : 0.0,
      "mean" : 0.0,
      "min" : 0.0,
      "p50" : 0.0,
      "p75" : 0.0,
      "p95" : 0.0,
      "p98" : 0.0,
      "p99" : 0.0,
      "p999" : 0.0,
      "values" : [ ],
      "stddev" : 0.0,
      "m15_rate" : 0.0,
      "m1_rate" : 0.0,
      "m5_rate" : 0.0,
      "mean_rate" : 0.0,
      "duration_units" : "seconds",
      "rate_units" : "calls/minute"
    },
    "jenkins.task.queuing.duration" : {
      "count" : 0,
      "max" : 0.0,
      "mean" : 0.0,
      "min" : 0.0,
      "p50" : 0.0,
      "p75" : 0.0,
      "p95" : 0.0,
      "p98" : 0.0,
      "p99" : 0.0,
      "p999" : 0.0,
      "values" : [ ],
      "stddev" : 0.0,
      "m15_rate" : 0.0,
      "m1_rate" : 0.0,
      "m5_rate" : 0.0,
      "mean_rate" : 0.0,
      "duration_units" : "seconds",
      "rate_units" : "calls/minute"
    },
    "jenkins.task.waiting.duration" : {
      "count" : 0,
      "max" : 0.0,
      "mean" : 0.0,
      "min" : 0.0,
      "p50" : 0.0,
      "p75" : 0.0,
      "p95" : 0.0,
      "p98" : 0.0,
      "p99" : 0.0,
      "p999" : 0.0,
      "values" : [ ],
      "stddev" : 0.0,
      "m15_rate" : 0.0,
      "m1_rate" : 0.0,
      "m5_rate" : 0.0,
      "mean_rate" : 0.0,
      "duration_units" : "seconds",
      "rate_units" : "calls/minute"
    }
  }
}